ClientName,StarID
OJKJPCF Inc.,11268647
RLVLCMKGX Inc.,488256
DYAIFGP Inc.,11207379
UJGNA Inc.,11281372
QTJFMQAT Inc.,11236780
WAXPML Inc.,11295430
IAZJHAQC Inc.,11228330
LBAAQGB Inc.,11235267
NDEBLHGN Inc.,107106
MXLPVAT Inc.,11282690
BGKFHM Inc.,11266499
IRYNADEGDU Inc.,11260794
LOLTYYNVQL Inc.,11213298
KLPVLTNJBL Inc.,11221878
MSEWELBKD Inc.,11264630
XZREJPI Inc.,11264431
VNZYGYBX Inc.,11284577
FCCFGEGIM Inc.,11244396
SCVPF Inc.,11275891
DMXORW Inc.,402470
NVEGKWVZ Inc.,731785
OCGMNUPSFJ Inc.,11228960
OXYJSLBIF Inc.,371846
MORXUSIIP Inc.,11294326
IKUPOBMLG Inc.,11246609
VZKFBYR Inc.,11223885
PTSNTURMQZ Inc.,11280593
YQYXL Inc.,11236707
YIDKU Inc.,11286246
BNFZYYLC Inc.,11205984
ZODZAZO Inc.,11286013
DAONDSF Inc.,11252156
CWABW Inc.,496824
NLPSLKXEI Inc.,11286123
MYAFXR Inc.,11250584
VNOLEGODP Inc.,11298370
ELOEICCR Inc.,629037
OHWES Inc.,11232025
LBMOP Inc.,11221905
GHCOO Inc.,11289190
XGFZUC Inc.,317927
QXKYEW Inc.,11224377
GVVYPTP Inc.,11217279
XAMPKU Inc.,11244904
PGPBN Inc.,959040
CPAYTAPKS Inc.,11288619
IQTGYJVU Inc.,11299005
KOAXDZ Inc.,11256544
IQBPV Inc.,11244959
HITGKBK Inc.,11264834
FTQNDWXS Inc.,11281949
BLQSRZUD Inc.,11209602
DCGOXNSLI Inc.,11291626
CVUJOPLKMS Inc.,374891
GBJCRE Inc.,11264832
RVZEXBANA Inc.,11230057
VIIZLAQCY Inc.,11257970
OHVELJ Inc.,11218499
TXCSVWSL Inc.,11293938
XECMNDVLPB Inc.,199136
HYZVZBCYQQ Inc.,11288841
OAOJQ Inc.,11266294
DBDYOYP Inc.,11297833
YBDSNEQJF Inc.,11217749
AXSXDYQM Inc.,11245208
WMUJUZB Inc.,11240508
YZTBQSJBIX Inc.,11262830
GLCDNH Inc.,11287902
ZKWLJGM Inc.,492628
HDCORU Inc.,11284768
PDWEQWIND Inc.,11217020
DNNRAXK Inc.,11217458
CVAUHUQBH Inc.,555488
ICGLIE Inc.,11205024
UEFYJJG Inc.,11254334
DFQLINJI Inc.,11215835
FUHFVFP Inc.,11281718
AZETTBUCI Inc.,11249117
OIPYU Inc.,11265020
WSJUCMJ Inc.,11235860
YJKNCC Inc.,11248842
NYRMJBJ Inc.,11205125
BQIJRKORP Inc.,11205165
PKWJCZFE Inc.,11218660
DCRNCFW Inc.,11258178
ZLZZDFQWQS Inc.,11285579
ACOBSY Inc.,11291378
DAZDOLNQ Inc.,80965
JQGLYX Inc.,190013
XCTVDS Inc.,11216698
VNXDC Inc.,11295702
SDEMOC Inc.,11208989
IEMXN Inc.,704915
QGAPMO Inc.,11284717
UNKCEKPIL Inc.,11244056
JNQRQWPXI Inc.,41155
VJRKBVG Inc.,11203916
LWMYSGZBN Inc.,11213461
NMZEY Inc.,11231872
GZRCBS Inc.,11257984
LHLNMNWYB Inc.,180558
UIULEP Inc.,11201620
QGTCJBQAXX Inc.,11241974
FBPTWDMNZ Inc.,11227782
FELWNX Inc.,786583
OUYFGRMD Inc.,11290535
HHJHNGA Inc.,11267727
IJHTKNSEEW Inc.,11284578
KTMMEYVUJX Inc.,11201073
WQROGPN Inc.,11241155
ZLYMTIVDOU Inc.,11216531
PDTFZDBNIM Inc.,11226169
WSZXKL Inc.,11299324
KCYUBPA Inc.,11213933
RMLUI Inc.,11205344
CXYWSWVKI Inc.,11269747
SYXEROTHT Inc.,11260465
EHGSZRHM Inc.,11247357
NDWDBQ Inc.,11205381
OHJZTOAC Inc.,11217975
MGFIO Inc.,11229684
IOVRAIOS Inc.,11247197
XZZKYUDQ Inc.,11217415
OABVSWH Inc.,11228551
RLUINZDRU Inc.,11238560
ZEDTMHDR Inc.,11294668
IXNQRL Inc.,374683
FJNUA Inc.,11228318
YNNPU Inc.,11248146
WJSHOSCP Inc.,11251149
XDFGUDVEEG Inc.,11277430
CQBIWFD Inc.,11283460
YNXXNMPMQH Inc.,11240471
KHFXEAQ Inc.,383090
SBOMKYCK Inc.,11247131
LSOWM Inc.,11267427
SPEQUOPQB Inc.,11226754
IQYXD Inc.,11243965
QYKBUEWKS Inc.,11273717
RYQKDWRXQD Inc.,11255301
WHHKUZVY Inc.,11237580
JSQXQOL Inc.,11274798
SHIOXIQKE Inc.,11238395
KKEXCPD Inc.,11270995
LYKSVC Inc.,11216085
UFXHYH Inc.,489126
JSKIWSIBVP Inc.,11250875
XFKUD Inc.,11286144
YFWLN Inc.,11281030
OQBUSUBLS Inc.,11230446
SNRYD Inc.,11251228
XIKIC Inc.,11208822
CROJKY Inc.,11266682
QSGLGCY Inc.,231521
FWWBBPX Inc.,11271426
PPDPZMFYZ Inc.,506550
BCBMRZREAE Inc.,590421
MXPHAGON Inc.,11228127
LCWSTGDP Inc.,11227524
ZXJZJ Inc.,11269856
WUAJHZY Inc.,11288700
EIGFBX Inc.,11212081
RXHMP Inc.,50754
HACIXBDWTX Inc.,11204709
ULYJLB Inc.,11229937
NRJFMHIQF Inc.,11241835
WEUCU Inc.,11284923
AOYAZDG Inc.,11259317
VYLSQYUWP Inc.,11286760
ICXPIV Inc.,11242214
KOSYCFP Inc.,11270108
EPILY Inc.,11206514
DNCKOSIPOV Inc.,11250978
DZVMEQVOG Inc.,11243594
LMSZJ Inc.,11294967
BEJKMX Inc.,11211365
LUNJLFE Inc.,11224117
FPSAS Inc.,299347
TMFNHJNC Inc.,11274843
LMHOW Inc.,11299402
HHUKFHQZ Inc.,11202009
PECICM Inc.,11216001
OLZXJTBYTZ Inc.,11293057
XORHF Inc.,11206698
OWFFB Inc.,11299303
DLNFFWTRJ Inc.,11252619
POVINFOBN Inc.,11212938
DGWNUSER Inc.,11297854
ITYTB Inc.,626286
KTHQY Inc.,871432
AGLXYAA Inc.,11251064
PSELMEJT Inc.,11269263
GBIFG Inc.,11209768
CGYFMZCY Inc.,11299343
BEHMNSAKZE Inc.,11290563
ATSLKFRWB Inc.,11280225
OEEMEX Inc.,11211648
EIAUYPCQA Inc.,11203098
YDLXV Inc.,11248606
VTHVBEN Inc.,11281916
AOJENCBS Inc.,11265778
QNOPKLKX Inc.,116353
SSRSC Inc.,11279876
FJFMCY Inc.,11278883
HSFATW Inc.,11238632
MVTLAT Inc.,11233163
GGUJHB Inc.,11256718
ESFMHIS Inc.,11224464
LEPATRI Inc.,11213776
SXROJUC Inc.,11280558
DHOHTRSAK Inc.,1268
MYNUXNGZRS Inc.,11255210
SHGILPDIUT Inc.,590368
TTBCTHQCE Inc.,11239456
WJIIHIB Inc.,947866
TCHOA Inc.,11257471
IZPUL Inc.,11259783
HMQXGAWEK Inc.,11295218
PMSVR Inc.,11296296
WBQNRMWBD Inc.,11288851
BIGJKXWD Inc.,11297430
QZZZJRBWD Inc.,11280698
TPQCF Inc.,11258643
OLAJFLI Inc.,11261140
DXMDZ Inc.,11296907
MWUYY Inc.,11285271
YRYBL Inc.,11246056
YDKNF Inc.,11218403
WLNJFCGFMV Inc.,11248338
GKGSKSQAQY Inc.,11296555
GNQHZBW Inc.,137510
BBFFKLLYLK Inc.,989617
EDTBUJD Inc.,11200774
SZQWQJNN Inc.,11267150
WXWLPUB Inc.,11295406
IAEIGPXROW Inc.,11267296
GCUXYL Inc.,11240791
UWGZXM Inc.,719945
SUZSDJJK Inc.,11299893
DFYJEFJ Inc.,11249158
LTJMU Inc.,11272296
XILXNNZLEX Inc.,11254303
XPKOHG Inc.,11200132
MZRDAZE Inc.,11233636
DVLRR Inc.,384038
XQHQTDJMDO Inc.,11291269
QMBAWQKFB Inc.,11250957
QVIQRY Inc.,11292737
IYSAJQT Inc.,11211851
PSRMMP Inc.,557521
FRBNYWSSZ Inc.,11265275
BHKWJGWPFD Inc.,11223928
NOTKEEQ Inc.,11251164
QQEMZRNJP Inc.,11235716
BGJBVVOR Inc.,11228924
BIUCSXQIV Inc.,11254816
VXDCTSGIK Inc.,652222
DRXEPA Inc.,11286425
QVAIFS Inc.,11282958
PTGKJAHZR Inc.,11244841
WPWCSRVCU Inc.,11292971
YJHVVDM Inc.,807501
MMLUP Inc.,11261849
JAKZQ Inc.,34004
NAHVEKKH Inc.,11231971
HJNBG Inc.,11234983
CPWNWNBAWJ Inc.,11289598
XRFULOK Inc.,11232017
OHCZV Inc.,11247458
ISGYCM Inc.,989025
HUVJOMH Inc.,11283394
SLCAXDUNPV Inc.,11207896
QTNHGQJ Inc.,11281647
OGZAI Inc.,11231188
VDQXPQK Inc.,11238578
GPUUIM Inc.,11253551
HPAJJIFMBG Inc.,11262838
SRZUEI Inc.,11209860
FHWGGP Inc.,11216606
MINNBCXRS Inc.,888148
URECEDIM Inc.,11210241
ABJRPL Inc.,11289045
NJFYXILKMH Inc.,11253505
BUYNZX Inc.,11236892
GGFZLH Inc.,11272315
SXNHS Inc.,11245026
NZJGPKI Inc.,11239528
PRXTYLMVNK Inc.,11213259
FSPPPBMA Inc.,11269702
PNNMB Inc.,113486
FXOQNMF Inc.,11212588
EAZPHVINXQ Inc.,11236445
TNBLYGCPI Inc.,11288102
SBMCI Inc.,11256050
FQNSCR Inc.,11204770
EMYBT Inc.,11220579
AOHLWTYND Inc.,283833
SCJYXY Inc.,790204
BKVVFW Inc.,11259473
SIIVTG Inc.,11282305
JNUSTLRUV Inc.,11257931
QZDQP Inc.,11267173
DDFQHVBI Inc.,11208440
FMSARMKSTX Inc.,11209121
NXQMZYT Inc.,11211114
NKRNWQV Inc.,11208744
YDCOOGDSG Inc.,11236667
GTISAMF Inc.,11221922
UKNVCGLE Inc.,11252386
TYGOZENPB Inc.,352086
WIXJAKVFKK Inc.,11211000
VVAYSW Inc.,11281024
JQFXPDI Inc.,11216418
RAZXO Inc.,11297075
QBDMPDT Inc.,11206533
LHEBLG Inc.,11288984
TTNRAZF Inc.,11256673
NUXRNLWDF Inc.,11221925
YELBQ Inc.,11234310
XXIEOJDSTC Inc.,11297991
BVQEJASIK Inc.,11260298
BZRSMPCZYW Inc.,736224
UZEWLNS Inc.,11254965
DELIIEDE Inc.,90917
BTZCR Inc.,11234212
IQDTLHW Inc.,11233408
UNBKQIY Inc.,11254837
WUCIAFCNF Inc.,11289276
WLIOTAD Inc.,11275886
IHMYULZG Inc.,594869
QHIJZMRK Inc.,11294536
LVNTN Inc.,11252702
CUSER Inc.,614492
KAJWWANZ Inc.,105038
XKDHXG Inc.,11257346
BZRZOFUDWM Inc.,928763
IKIKC Inc.,11203194
IPUDMUXPG Inc.,11239832
IRMZXBG Inc.,351517
BRGJEZH Inc.,11251263
GHBFZGT Inc.,11240949
KNMDHQHT Inc.,11222666
HJTTEAABJ Inc.,11267749
EJPMD Inc.,11215734
KZYHR Inc.,11274691
MXHQPFA Inc.,11261195
QPYOUOK Inc.,11208156
YZKQXS Inc.,528920
GEDZT Inc.,11232755
BDNYVCZU Inc.,11275078
EKNXYXDEJ Inc.,966650
CWWMCMKXZ Inc.,11251141
LZQLYRW Inc.,11221191
VVDGUODX Inc.,11207183
TOAQQVB Inc.,91709
LWTCKNODKE Inc.,11292892
YDMYXX Inc.,11249169
EGOIZQIBMU Inc.,11244217
ZCYSL Inc.,11255498
QSXAAAD Inc.,11291050
PWKQCGPJBP Inc.,11262403
BNSVZONS Inc.,11260360
VJLNON Inc.,11224454
OAUHGOXA Inc.,11245372
LLGRKWIPHJ Inc.,11273964
AYWZUFAHI Inc.,11263316
NUSYUWM Inc.,11211622
XKZHTSHV Inc.,11244745
UUORG Inc.,11225986
JMTMFUWA Inc.,11214337
SKKNTL Inc.,11251694
OMJCAQPK Inc.,62502
WITNDHQGFU Inc.,11232403
DQSXDBPXZ Inc.,11225811
BQUKYFQCTT Inc.,11269778
SLNLO Inc.,11247650
ZPXZH Inc.,11250887
AKEQQAIMH Inc.,11287526
GKUFJQKMS Inc.,381436
OBXFHXZYC Inc.,11220099
QWLHFKSL Inc.,11271559
PWFSGXI Inc.,11224144
YNQHJ Inc.,11256342
NXYKD Inc.,11277078
LPMOLSB Inc.,11264835
ZQRTCGQCSU Inc.,11215201
SISPA Inc.,11229059
DFYICUMW Inc.,11272889
ABBUXOQ Inc.,11215445
OTAYU Inc.,11278082
GFPGDOSKL Inc.,11242467
QLIMJ Inc.,811439
ZPCVE Inc.,11288770
TWRAU Inc.,11277406
FFEDTCCN Inc.,11207369
BXXITK Inc.,11252337
IXIFG Inc.,11234130
KZFVWC Inc.,11280168
ECLLKXKN Inc.,11215510
ENRAN Inc.,827943
ZRFFZVEEL Inc.,11200922
IFSMGBW Inc.,11206585
YZWIUA Inc.,11279338
ZEZUVM Inc.,11201555
NOVLANNLH Inc.,11221916
WGYIAUH Inc.,686154
SRAXBVY Inc.,11211956
TKDXUGYSY Inc.,362101
EYSFAJL Inc.,11273840
PLQXD Inc.,11256873
UBMKKUUUXX Inc.,11272640
GYFXRBB Inc.,11273455
ABAHWXHXN Inc.,11207028
NAOKNVF Inc.,11236781
MFZHT Inc.,11286762
VFSDQF Inc.,11276207
NWYIE Inc.,895285
WRQCEGBLN Inc.,11284807
KRFKPS Inc.,11262091
AQLCSLDP Inc.,11223344
GSVSKVWZQH Inc.,527947
BYADKG Inc.,11274273
XOZHWFKF Inc.,11276245
VBRGW Inc.,11218957
YUSNULSEB Inc.,11210903
JPNVSYDAA Inc.,11229839
JLLOCFDGFF Inc.,11210998
YBDKKXRPDZ Inc.,11281161
RVURTQTC Inc.,11204544
AXFTTBPTRR Inc.,207065
PXPFFAXOKK Inc.,11264174
BFPHKWGAA Inc.,11284593
XUVRZWK Inc.,11289612
XLBNWHO Inc.,11284010
WSZANSPK Inc.,11205867
WWMEK Inc.,11208982
MRZUO Inc.,595523
HDTSUZ Inc.,11252566
VCSAXCT Inc.,74594
FRZSMR Inc.,11291628
HVDQPOAUJJ Inc.,11242590
YVAETGQDIM Inc.,11251508
PLMLRU Inc.,11260929
KEULJ Inc.,11223247
FWDLTHK Inc.,11251945
JJDWEKKV Inc.,11255392
VBZVQ Inc.,977895
COKSHONN Inc.,11251614
IRQIAGODHK Inc.,11218862
RONWX Inc.,11295178
QWDUYNMCL Inc.,11257017
BRYPMUJJWL Inc.,11231015
YATOGZMD Inc.,11243638
IOSZFZ Inc.,11259765
RCWYHMSM Inc.,11272594
GGWZSTIV Inc.,11208260
CFHZL Inc.,889700
GIXJGMHSTN Inc.,11244953
SMFAMLL Inc.,11270802
OFJPMINQ Inc.,11292728
SDESDPO Inc.,793073
LQUEMBAZT Inc.,24300
VLVTFSJKRG Inc.,11216954
LBHAJLIF Inc.,11297908
WBRQAGV Inc.,11248065
DNDCIZC Inc.,11218398
LVAGHGFRR Inc.,11261936
LCIZX Inc.,11292234
OSYNLNILNS Inc.,11032
WKAYGD Inc.,11277185
BTLSQQGU Inc.,11208547
IIPYQF Inc.,11245963
XMCMD Inc.,11294451
NYELUKN Inc.,11254756
TPBUZIAKK Inc.,11279573
BBBHK Inc.,11233370
XVLZU Inc.,11217682
KEXJXAKNP Inc.,11246802
QAHJLJ Inc.,11224863
XPJEA Inc.,11260952
TCKGRFZM Inc.,11272589
QMVFIDEZVX Inc.,692208
NDCNY Inc.,621576
CNMEY Inc.,11265747
PFCKDKGHK Inc.,11245627
YLQFV Inc.,11259763
PSAIW Inc.,11275489
PZAJTCEB Inc.,11250103
WGFUQNVPZ Inc.,11205967
CLAAIRMPII Inc.,11243357
MOINW Inc.,11221586
EZZAIZGDCQ Inc.,11208926
APSBK Inc.,11240644
NUBKUNW Inc.,11282274
QUQSWU Inc.,11203468
VULLKFU Inc.,11287187
QWQUQMZA Inc.,11296842
FVFBRQFHUQ Inc.,11290352
FAMMW Inc.,11242997
TIGAIMO Inc.,11224202
JXHQQKIHZ Inc.,11291882
GRWPD Inc.,353447
DIVJHV Inc.,11272034
MOZXR Inc.,11266202
SJOJZU Inc.,11205979
PNAJEPKOF Inc.,11244600
VAUED Inc.,11262690
IGSHPSW Inc.,11272041
KMUFLPRXIE Inc.,11288436
BCVGTRZ Inc.,11205875
DZPNYWJ Inc.,11229852
GAXYGLYZIM Inc.,840624
SDKKWHGCI Inc.,11290754
OAZRVOKMD Inc.,11261257
OSHANAMD Inc.,11244471
XSEIJG Inc.,11248200
IAVDJOEJT Inc.,11264387
KVYOMSZW Inc.,11274905
DYVWBJF Inc.,11271682
RBOMQ Inc.,967360
XZTSC Inc.,11299117
IFHUFAGXDB Inc.,11207887
RJWMPGIQ Inc.,11220482
KVYUFAF Inc.,11233063
AEUJI Inc.,11209240
RWAAIUZYDU Inc.,635981
ZOHMYQMOAC Inc.,11267862
FYPDKX Inc.,11299015
WZXWYB Inc.,11207835
DECAXK Inc.,242060
ZLHUNBU Inc.,11296268
YHQOK Inc.,11270711
LORMCO Inc.,11237404
NJRMMFSB Inc.,11299557
XWSRI Inc.,11250475
KLRTL Inc.,589046
ZZICROXT Inc.,11237929
MXVVBSOV Inc.,11281914
OVFXLACO Inc.,11256477
FXSIJB Inc.,11269168
ZEMAH Inc.,11261074
PYKWGTHYO Inc.,11266341
DOFZTZ Inc.,11203217
KEHBZYZHYK Inc.,11201024
IRBVUFX Inc.,11210628
BEXJSUBIBG Inc.,11200813
EQCVXMKHI Inc.,11289503
RHRTPRA Inc.,270996
TNGDWI Inc.,11214596
SANBCN Inc.,11281449
SLJZJGCAB Inc.,11225928
IEMEH Inc.,11284330
ZEBMMUDL Inc.,11282155
ZEPSUCHX Inc.,11233318
NBWUWVB Inc.,11245688
WIOBA Inc.,66995
YXDUVDO Inc.,11276122
HLIEI Inc.,11216188
ZYQPZMJ Inc.,11266761
IFXDC Inc.,11289028
LGWSN Inc.,11260677
QFHPPR Inc.,11246776
IVTNIYB Inc.,985729
ETSHFLRIZ Inc.,11227629
NLVSJIZ Inc.,191005
JVLRINSBHI Inc.,11220176
WDPQIOBU Inc.,11231717
YTTJB Inc.,134323
IESYWDF Inc.,11231603
HZBMWWDXRO Inc.,11274025
RXMQODQ Inc.,11247800
OLWCINJL Inc.,11215943
NUIXQHDUG Inc.,11280253
FYODQJ Inc.,11260966
INXMEYYEP Inc.,11273844
SRUCADCR Inc.,11275322
NQNERTYG Inc.,11201574
RWUOOHPPBL Inc.,11288190
AYHCTSBLIS Inc.,11282536
VQMGAXM Inc.,11265613
CFIOQBYAO Inc.,11228774
OONKYQ Inc.,11223158
BTOJO Inc.,11234735
IBTBUYGGIJ Inc.,11289742
OPCAQMYJB Inc.,11269726
XJRRTGZVV Inc.,11220171
LEABZRFDG Inc.,11209611
JLHKOLSL Inc.,11240286
UMBRRXNMB Inc.,11276739
WCQNBQQQ Inc.,11216146
KZYYVAGXZN Inc.,11279125
TNGASLH Inc.,236911
PZVTLB Inc.,489159
XPLQSZJAH Inc.,11291204
SQGDZTBPEO Inc.,11248634
PBODBCVF Inc.,11215701
DVQOMAWXKL Inc.,11290806
JVNQMQWTXS Inc.,11214058
GYCEIWRVV Inc.,11260376
ZFITKI Inc.,11261601
SOLDUQEEWR Inc.,559491
ZLGGDE Inc.,11205634
YRIURAM Inc.,11268452
EFGLUBIEU Inc.,11206358
ITBTWN Inc.,11230079
CPAWTLVX Inc.,11218467
CLFOZ Inc.,11291622
PNXFMZ Inc.,11221103
WSMFHONRTE Inc.,11243145
CXBRTN Inc.,11298330
XFEHSPIQI Inc.,11213041
UUHHJYTPMW Inc.,11279859
KNIAOLHFKK Inc.,11248737
GDZNPXLN Inc.,11281721
UUEXIC Inc.,11284028
SAQUNKLYD Inc.,11255458
UHAZAWJ Inc.,11218819
LHSVAM Inc.,11277732
HONNTMHJ Inc.,11282706
UINJIO Inc.,11228959
DOAXXNG Inc.,11270952
TUGXIABHG Inc.,11228003
MTBYTDYEJ Inc.,11267572
YYMSGJEB Inc.,11222000
ZUXUOT Inc.,553668
SPNYTUSUGS Inc.,11246202
CORFAXWP Inc.,11280542
YSDPCKMFO Inc.,11252152
BJDSGYG Inc.,11239275
ADBQLHPVTI Inc.,11218662
JFWBN Inc.,11239989
JYJVJZQJM Inc.,11255227
HHXRYXVHP Inc.,11207441
VAAFZ Inc.,11234370
QHXKTIM Inc.,11228476
FKFHJGPC Inc.,11248566
HEMTUEIJ Inc.,11297652
AIYIOLL Inc.,11289531
TZBUSOFHHJ Inc.,11280592
IWAHYFYDNB Inc.,11292635
VHDRF Inc.,11272686
UKOLH Inc.,11274973
HGVUHJX Inc.,11279787
TAPGZ Inc.,11242646
CCJZUFOG Inc.,11231551
OMXBNKZIR Inc.,11200515
UXSRK Inc.,11248597
ZYZOICGHIZ Inc.,580314
LDZGX Inc.,11230109
LLQXORCL Inc.,11203034
TLCZPALLG Inc.,11241872
ETEZFG Inc.,11257028
ZWCFERWMY Inc.,11285666
WVHXGAZIV Inc.,11254863
OYGCHDUQNH Inc.,11284494
TRUGNHSIQQ Inc.,11215991
FMSIFXEG Inc.,11281349
LWUEM Inc.,11215771
YHJVVAD Inc.,11266035
ZNICKXZQQ Inc.,154978
SKRKYMRM Inc.,11297867
SEQZL Inc.,11292813
PPZSULZYB Inc.,884653
VFJTIBQLQC Inc.,745427
ZGQBWS Inc.,11271952
WFQDCFHF Inc.,98223
BRQOH Inc.,11257580
HYNFTVH Inc.,11244397
UYUBSJA Inc.,11242615
DRZUSFG Inc.,11277691
JPYZDIC Inc.,11287563
HSCJHM Inc.,11297262
ZYXTYYMIQE Inc.,186427
ILAULRASSN Inc.,11229415
TRRPKK Inc.,11260047
ODALSLXMI Inc.,11242960
TDERTQEHXB Inc.,11287366
SIGPJYL Inc.,412919
LFIWVHEBA Inc.,11297077
EARNCSIOGE Inc.,11239877
EZNIS Inc.,11291174
KOCEUE Inc.,11297752
SUXMYHXXW Inc.,11231447
CMPIMTDXJ Inc.,11212697
AHQFH Inc.,11249631
FIBYZOMJJL Inc.,11269165
YZNZKGDK Inc.,859265
SCDQD Inc.,11224802
SAVOYLWJ Inc.,194596
UUPSINCUF Inc.,11219281
GLFBA Inc.,281558
KIOQS Inc.,11257785
XYWYNPYJ Inc.,11294568
HIXAIVBOK Inc.,11244083
UWJSWSI Inc.,11222986
NROWDNAWIG Inc.,11228917
OTVVDV Inc.,127478
SZOOI Inc.,11230538
TTATLPXAC Inc.,11224975
OMTQREHQCF Inc.,11274301
HITUHFLU Inc.,11234504
OJXAWI Inc.,11290240
VLUUWYQIKT Inc.,11226049
PKWWDYHJIQ Inc.,11241686
VGAUJCSY Inc.,11243012
SBPSUNJ Inc.,11203723
RPFOOHGDLR Inc.,11289225
ZWYNFE Inc.,11244278
GRXXBGSA Inc.,11284051
WSCLEDBA Inc.,519163
RIWSQ Inc.,616762
SMWXVKO Inc.,11268021
WQBEWQ Inc.,11271252
TRIVWXSY Inc.,537377
PSBOOF Inc.,11229467
KYYBSXTGX Inc.,11221389
YWDJAPDQ Inc.,11277305
CFDRIEM Inc.,11298094
EVWPQNOB Inc.,11206649
TAKZBMPMIV Inc.,11224571
HYQUD Inc.,11283160
NDJENCDCH Inc.,11262259
PPMDGBGE Inc.,194663
LPHPBSC Inc.,735316
PYLGXNI Inc.,229281
EQGSP Inc.,11228709
JGGYL Inc.,996891
QIODJTU Inc.,11291818
QPQVPMDD Inc.,11224851
OGNSENNHOA Inc.,11208235
NPUCP Inc.,11219720
ZYWOAIU Inc.,11296728
LQZNAZJYDZ Inc.,660805
NSIGAIFDL Inc.,11240595
XWUOK Inc.,11257105
SNBBECTXPO Inc.,11233037
RTENWTW Inc.,11286206
NGTAQDKY Inc.,11247061
JHTUQPS Inc.,11248823
VAGTXBOCPJ Inc.,11220829
RLXEARNZCR Inc.,285008
ETZFJUJJV Inc.,11241330
UEMPKFWRC Inc.,11268723
CWVLO Inc.,238290
RHJQVVQP Inc.,11288052
KYIQCWHD Inc.,468669
YHSMNJU Inc.,11205772
YWHKVYRP Inc.,829106
PVQSBBRSOS Inc.,11203688
ZXFFLEH Inc.,11219732
BCOZUWEEQ Inc.,11262209
QCVJOCZSN Inc.,11215946
LIKNTBCLI Inc.,11258547
PJBEHOZYCY Inc.,11217626
TRWLPWSG Inc.,11252608
PVJHFOUMTN Inc.,11218919
ZOTLEBTLIU Inc.,11295713
HTAFIFCZ Inc.,11202711
CBDDYTLCD Inc.,11227476
IVJLNHQ Inc.,11233145
UNLHQ Inc.,977457
NLMMD Inc.,11273944
OFEBCTW Inc.,11251464
ULSMYOGDOD Inc.,11243832
CBRXY Inc.,11200002
GUOYINCRGP Inc.,11258427
QBNNMEPMA Inc.,11272606
CNKFHFD Inc.,11248658
LCLBN Inc.,11289130
MMBBODY Inc.,11218748
FMYQXTIHD Inc.,11256913
QVISRBCYO Inc.,933075
MDQXHQB Inc.,11229388
IJVUAKRLUQ Inc.,11236469
XUXDEH Inc.,11279202
CFUYIH Inc.,11283266
UABTYUTN Inc.,800298
OPBANMG Inc.,11210258
XADTSNGSZ Inc.,11289794
EQXUBPRAPT Inc.,11223825
BCQXA Inc.,11267408
PVGFQ Inc.,11247217
TKQCHYODDI Inc.,11247843
MOBYV Inc.,11287296
SGCRVHPFL Inc.,539844
IDQAJVD Inc.,11279836
KVLGLGKHQ Inc.,11281976
ATILS Inc.,763198
THWHGYOYAC Inc.,11219335
SBTZSFT Inc.,11275062
JYMII Inc.,11244335
GHEVEMVLA Inc.,684137
HLPKZ Inc.,11242917
HDKAB Inc.,11205293
JICEXJHP Inc.,11254249
GHEEYYMF Inc.,11298001
AAECUHJP Inc.,11228272
SKUKFFF Inc.,11276635
RAMQLBFC Inc.,11218416
LOCNFYLH Inc.,11272011
VXCGS Inc.,11237901
ZWNOXJ Inc.,11218118
NKHCWLABO Inc.,11203458
KCGBLDD Inc.,11293899
FSJOPIC Inc.,11295602
HYFMHX Inc.,11236895
WILWDWPKO Inc.,11271704
SGBCTFQ Inc.,11217339
QFNNMWGYBY Inc.,11207045
MHJJXJANF Inc.,11228212
FHJSB Inc.,11205837
INRZKU Inc.,11231213
ZUJFHP Inc.,11283689
HJHYVFEUZN Inc.,429550
AFSEDAWUZM Inc.,508722
BPIGGQKAQ Inc.,11299905
OOJLB Inc.,11292439
HLJOY Inc.,11286670
YURNCV Inc.,11271039
QDOVXFM Inc.,11283955
VNATA Inc.,11285754
AXQJIUN Inc.,11274991
AVBPC Inc.,11234096
ZIFXSC Inc.,11262126
ZEJCRTL Inc.,11243562
MMQBKB Inc.,11243452
ATOAM Inc.,11250192
FBHXMQW Inc.,11287114
CHVZGKTUZB Inc.,240942
GWQMHX Inc.,894467
WDCXAASI Inc.,11257319
UPMALMSW Inc.,11226137
VVIZVUPDC Inc.,11293383
HMZDM Inc.,11255603
RPBWFSB Inc.,11201371
EMHXYE Inc.,11252378
PTFHJJGFZ Inc.,11240367
CUDJIZKFN Inc.,975304
RHKSNGLDC Inc.,11299275
KVVPKTR Inc.,11240028
MRNPGPV Inc.,11258116
VVOYJSV Inc.,11288145
GQONCIXJI Inc.,751641
MWEADFU Inc.,11265370
LKGDPNJ Inc.,11220067
WTALD Inc.,11212945
WOBTPLUI Inc.,736627
PVTRQW Inc.,11238147
YVQYF Inc.,586919
ZOJYQKOAJ Inc.,11268046
VAHYAGOIF Inc.,11213928
YLEKHWQN Inc.,11217115
BURXRQIXW Inc.,11211726
BSHVD Inc.,11257591
EZSGRCCUT Inc.,11252439
TLTMX Inc.,11295710
HZDJID Inc.,471153
ZWMPZQR Inc.,11243630
DQREWUDABI Inc.,11290816
CGTFSZTPOQ Inc.,11297759
GMRSYEWZF Inc.,982158
APTHPTDFGD Inc.,11224096
TAFZSB Inc.,11217753
CCHSEAVSP Inc.,11206379
RNDYOUKMQM Inc.,11252205
MWSZMDRCPQ Inc.,11260783
QUIZHQHL Inc.,11269982
QSLPAFFSE Inc.,11218762
WXRZIZSLQ Inc.,254523
TOKEHZNHS Inc.,11242009
VIDPYHRAT Inc.,11209453
ZEVPZ Inc.,11212025
UCPTBENEHV Inc.,662785
JEZWZNCY Inc.,11227863
XOELFZD Inc.,11225704
GZZVSMXVT Inc.,11270129
ZTNQPXLWX Inc.,11233587
NPXULLYYN Inc.,490487
HMWTZEYZQS Inc.,11222225
ZWPZHLRBZM Inc.,11253033
GBYGBJNY Inc.,11280703
KXTYGFL Inc.,11214115
HMFIZZ Inc.,11212989
VVEPX Inc.,11215089
CZYEA Inc.,11244518
XXNVIIWB Inc.,11239212
EHKDQBI Inc.,11283950
NHXYKZKOLN Inc.,11283464
SHYHJYFJQ Inc.,302016
YBEFFGHHY Inc.,880439
KZWEKVTJO Inc.,11206444
FVJRJEFYRB Inc.,11224013
XRPNE Inc.,11224029
TPLTECEKQA Inc.,11291332
BDVNUT Inc.,11223779
ADWYW Inc.,11225806
TELWJJBF Inc.,11279110
VBYLY Inc.,11239074
QWJZPFUGPA Inc.,11247988
TLWUZFRE Inc.,11222922
IZYQNWF Inc.,11279101
VGFZHOH Inc.,11256216
AXGORXMZG Inc.,11241714
CPCLQDNAKJ Inc.,11291706
PGHKXZ Inc.,11263598
NVHSMIPUC Inc.,11254806
GZMJQJ Inc.,11299556
TDYPJK Inc.,11208617
LSMECK Inc.,614984
DMAUUG Inc.,11245443
GZCNAP Inc.,336199
GJXAJTRC Inc.,11203471
YNHDGREND Inc.,11241265
DDWUOZM Inc.,11216679
IRZTE Inc.,11254778
CITDGMWZLF Inc.,11204152
HERZQOZSS Inc.,11291720
XGTCVI Inc.,11255018
XBLLACO Inc.,11255352
GNXOSQDWXN Inc.,875946
OEGRABZ Inc.,11250914
UVGIVWRJLX Inc.,11268144
UQBPQBH Inc.,11220203
WYCJUDRFA Inc.,11235196
MGQGFH Inc.,11228907
NVCHFKPD Inc.,11294198
NDHRAFCJG Inc.,11244370
MHLGMNJ Inc.,11226488
QZXIRBSA Inc.,11222088
TQCEWF Inc.,11233710
NVJZWMA Inc.,11227764
NTRDQ Inc.,11205523
DNPDH Inc.,11261444
ZOUYMEWHUJ Inc.,11249336
FENAXHZCBZ Inc.,11277643
XFXRJZ Inc.,11255114
XCBTD Inc.,11236126
LCKINAKYO Inc.,11223846
TSXQFS Inc.,11257782
IXAZWNME Inc.,481847
NCTAKQNPVB Inc.,11218629
UTXVUY Inc.,11239420
IGJIW Inc.,646170
KVBLI Inc.,11240884
JUCRMUYYIR Inc.,11261573
EZZLUOWNYH Inc.,11213732
YOCND Inc.,11241031
VQWVTCQFIX Inc.,11247876
HQCWWFF Inc.,11239823
NRDTN Inc.,11263978
FTUYTCCYU Inc.,11225699
XQNAXHVDT Inc.,11258060
DPQTJQ Inc.,11272633
PTTPU Inc.,11284819
SWKFVNLVP Inc.,11248102
MFXXFCOHVI Inc.,11245619
EDSRIDKO Inc.,977320
OUETR Inc.,11278348
DXGNPVY Inc.,11226316
AFBQXW Inc.,11277335
ZUGZPPTBSW Inc.,11245630
FQOGKYRBR Inc.,11234046
WVUHCH Inc.,11287129
OENZCJK Inc.,11225730
OCERMTTVD Inc.,11264707
EPKUAVLG Inc.,11214939
MJBMPEMAU Inc.,178130
KTDSNLFSE Inc.,893773
HGGBSXDJ Inc.,11297401
KLIKYY Inc.,11247016
JYWQBOB Inc.,11298726
KDBQMDZWNM Inc.,11235416
YWNCYUDO Inc.,683297
IHTJTTQCQW Inc.,11256100
MUKRIG Inc.,11201055
CNJND Inc.,11266083
FIAFTTGBB Inc.,11214681
WVSIF Inc.,11278723
FFXZVDR Inc.,11214919
DYYKAQS Inc.,11250504
PBGKLQAEC Inc.,11274678
XCGZJC Inc.,11254926
AFIZKXYA Inc.,11225410
MYPPVPRNKO Inc.,11200564
TJMTJPJK Inc.,11241016
PUKBXIP Inc.,11280362
DKRTDFIVS Inc.,11229674
GZSTJQ Inc.,11216733
LWKWYF Inc.,11243406
EZXQWOVGX Inc.,11233561
PUCUCZHV Inc.,42536
IFLPXD Inc.,11215129
EYYYKWXXZ Inc.,11268108
HNTVWEZ Inc.,11230237
FOJVIIJRF Inc.,259355
CXLHIVQ Inc.,11243082
PVEYKDPVU Inc.,11239953
OXBAB Inc.,841153
CBTAJKBLUH Inc.,11297056
LOYJQQPNF Inc.,11231655
KBKSENBX Inc.,481122
AKSDOHQUV Inc.,11253688
VKIGOZZWPR Inc.,11203156
SYUSIUN Inc.,11242820
IZRPDDX Inc.,228552
LGVDSWVS Inc.,11207118
XZKUWYZA Inc.,129648
SWAMKEO Inc.,11280087
CEVGEYPBS Inc.,358311
ZRNXQGPV Inc.,311547
UVJHVKRJI Inc.,11269384
CUIZH Inc.,204617
EASUEFQ Inc.,445925
WMWZGYDCYZ Inc.,11232922
XNUZSKT Inc.,189788
MCLZQ Inc.,11272456
YZRTLT Inc.,11250919
BVKZQV Inc.,11203506
OEEOCOBRF Inc.,11262009
SDQIOXZ Inc.,11285955
HFQSD Inc.,11239800
OTSXTBCDFS Inc.,11258561
DFYLE Inc.,11230857
BPNUVGVOWR Inc.,11221834
IIRJU Inc.,11252522
UVEPWYPJ Inc.,11215821
LCEQJVFTVV Inc.,11273758
GPSXXFRHQ Inc.,11215339
WCCGSHSD Inc.,11267360
WREXHJNGB Inc.,11262435
QFKDQGVKW Inc.,11249802
AAJTMGD Inc.,116536
PLOTGBVJX Inc.,11278097
GXQQTRWGXY Inc.,152692
YBEDG Inc.,577107
UZLYKN Inc.,11234420
NVPNVOSJU Inc.,11259322
KNDQPDK Inc.,11263448
OFVSND Inc.,11247138
EOARWLK Inc.,11257870
DQDOCOXH Inc.,11263194
LIYZC Inc.,11230502
DSGNJVUK Inc.,11298410
MSSHNJJ Inc.,11200023
NXWXC Inc.,11232899
MYWXYFQD Inc.,11261273
CBZOAAPUSP Inc.,11204535
FNHDXKM Inc.,11277676
LGDTWE Inc.,11222327
AGGFPHCFYY Inc.,11268211
WYMGPU Inc.,11252983
VQVCNEBP Inc.,11289811
KWBEUH Inc.,213408
DLLNNERHKF Inc.,11279281
IBIVKXRCRS Inc.,11263963
PQBNHROYBN Inc.,11283852
INQWIPV Inc.,11250341
MSONKYXXXL Inc.,11277845
YSCRTPAPI Inc.,11269085
ZBQKUR Inc.,11277177
LNHGGM Inc.,11248011
KEEGP Inc.,11259711
DGFGDVZXS Inc.,11219044
ZWMYTVS Inc.,11258162
MWFFPLISR Inc.,11200010
HDHACOC Inc.,11236626
XEEKQKHBNQ Inc.,11228652
SKAMD Inc.,11231177
BUIZT Inc.,11201910
DZXCY Inc.,11251880
OCPCOOYBL Inc.,11278113
ABZQA Inc.,11295075
MWBGRWJVB Inc.,11220430
APYDUMYDUC Inc.,11253892
DRYTBLFSP Inc.,11244137
SDBOLC Inc.,11270092
XZFJNFKDR Inc.,11224484
BPJFZZJM Inc.,11200958
IEXPGTZP Inc.,11201592
UDEMR Inc.,11225095
LOQEU Inc.,245405
APEOUKK Inc.,11212304
VLFXKD Inc.,11293653
ODXCAMH Inc.,11263762
XYKHIP Inc.,11283335
IAERWQ Inc.,11230752
VHEIYGQSBC Inc.,11283121
QYQLYNXAC Inc.,11280169
VCAXBGPKX Inc.,267484
OFDAPZL Inc.,11257552
QVFQENJYCN Inc.,11293570
UHMYLIQPB Inc.,11206665
QLEOLMES Inc.,11253191
CZDLPC Inc.,11257655
JBUFVPU Inc.,715337
MHHWDFZQB Inc.,11233476
EVSJKL Inc.,11224775
XIHEAKVMDN Inc.,11216469
HYSLYJRJJ Inc.,11207259
XZXJIIWKAM Inc.,11288701
OLQYB Inc.,11247783
GTRMDX Inc.,11242974
BMPSMLM Inc.,11209131
UHWMMEH Inc.,11287169
CTHKFC Inc.,11211314
URDMOGEY Inc.,11287364
AFUNFINA Inc.,11219975
BXPQWFZLHA Inc.,11249680
ZICAKN Inc.,31334
XYWDLBRK Inc.,11214233
EUYYPRBC Inc.,11251572
WPVKHB Inc.,11222926
TSABFGT Inc.,11268734
YSDAVBMX Inc.,11268012
WNTXGWC Inc.,11247407
KMKHWV Inc.,11295936
TKFIB Inc.,11208192
NXGVQLJ Inc.,11260050
LTYGSJQT Inc.,11272102
TERME Inc.,11234013
QOBTLD Inc.,11295122
QXONLUYH Inc.,11229895
EHCBWZYH Inc.,568374
FSHOLMC Inc.,409536
AAVHUEVMIX Inc.,11218757
EPXWO Inc.,178813
KZTBDPV Inc.,11269722
XZXPMX Inc.,11247572
KDJPYRIV Inc.,863549
CTLGSPU Inc.,11221110
GYFRAAP Inc.,51814
FVRFF Inc.,227343
USCBGGQE Inc.,11208320
VTGEJWE Inc.,453862
RBAVVSKRNP Inc.,619904
MNGEJ Inc.,11229453
FJKJHMYKFU Inc.,11206521
EXBQUS Inc.,11279799
AYKGFBNQKT Inc.,518337
BANNE Inc.,11206717
LVHOCNBH Inc.,11251104
CIUHH Inc.,11280361
PRHTWXBMN Inc.,11264592
EPNNN Inc.,415288
OIWBFH Inc.,11294584
LLJPYQMJEQ Inc.,597076
NNKZOHLX Inc.,11207605
JUPWJXP Inc.,11237288
VKZGORAZDA Inc.,11282624
JHUUXAVQBT Inc.,11252839
TFFOVX Inc.,11278775
ALTKPMPTJ Inc.,11292970
RDHTXPPJT Inc.,11214563
KXZFTZU Inc.,11214744
TBTKQ Inc.,11261308
DMMHIE Inc.,11244449
YFSPQYQG Inc.,11277365
ZPKOVRAXM Inc.,11239432
BRTJUX Inc.,11288845
DJJYXBHPB Inc.,754245
MJIOMFAWFD Inc.,998329
ZJRWL Inc.,11249599
KMBHWOLL Inc.,338611
TWFUMFW Inc.,11215472
ZFZDR Inc.,11243512
EBMPV Inc.,11233387
EYOGK Inc.,11220504
XTANH Inc.,11229026
TKXVB Inc.,11233883
GXUBBCBI Inc.,11211054
QKOMKMEEVC Inc.,11278892
DMYUMP Inc.,11217767
IZSEU Inc.,11222720
ZXZQH Inc.,11251997
OEETWE Inc.,897170
SFDLWOPHP Inc.,3001
JPAEMJGGS Inc.,266489
YILHQCQT Inc.,11262877
DKTFWVI Inc.,618756
UHYNBCTYW Inc.,11274956
TJNMQLKCFW Inc.,11275040
CMWEGAA Inc.,11276423
KDXFRFPUQ Inc.,11239346
HLGCXNMGUH Inc.,11245366
TQYZJYK Inc.,11254706
UOOMAENQ Inc.,11266273
AHPEULMWGJ Inc.,628419
BPGYRL Inc.,11214032
JSLIFOCWWK Inc.,11270306
PMOCGPLEOI Inc.,11202343
SEELO Inc.,11216032
BDARGKSVI Inc.,11293642
AYIUJDNWZI Inc.,11233689
WAYJLWCJ Inc.,11259672
NJLKLSGL Inc.,11222381
WAFFP Inc.,11279921
ABUVR Inc.,218702
GDELDYJIQQ Inc.,45325
HVNFI Inc.,11244998
XYESXA Inc.,11291070
NBZLV Inc.,11253523
JEFSMI Inc.,11259615
LJLVP Inc.,11277038
LKDUHZP Inc.,734679
XWDGAQI Inc.,11255759
MVWVD Inc.,11234411
CLXYHMLGT Inc.,11241971
XPRSDKNIGG Inc.,11200625
SQNNJR Inc.,747352
DUGPE Inc.,11236985
OGPDBYI Inc.,666259
NATII Inc.,11284516
YAJYUHBOQU Inc.,11274032
VCOEP Inc.,11251924
ALJERUY Inc.,11265170
MSPAWS Inc.,11242884
IZDINTD Inc.,11290226
LGOWKSG Inc.,272240
YYNFOX Inc.,11278028
MWSEW Inc.,11276317
ZPESI Inc.,11202620
QAEAFOXEEH Inc.,11217559
BWQLTMIDK Inc.,11237470
ZYHYXOJ Inc.,11224102
ZDBQM Inc.,11262276
NVUHMNGPDO Inc.,11284681
ICUOQFOA Inc.,11273299
RHUJLNQA Inc.,11245201
QQFAPNUNP Inc.,11203639
QPAJTXW Inc.,11273930
KQWJHTYHS Inc.,11227927
WYAZEL Inc.,11230212
EIXLCECZD Inc.,11272299
JMRDAJBZZW Inc.,11245973
NCEEEHJJVX Inc.,11260613
YUEFGMR Inc.,11220237
RYKRFL Inc.,11216596
IRTVKYNGCE Inc.,11234151
QAVLZUAOAG Inc.,11281582
EEDWDF Inc.,11296803
IQWWX Inc.,11271618
VOWBS Inc.,11237936
PSARNXNPD Inc.,11286009
QHVENFF Inc.,11238833
XQFWKVRD Inc.,11212761
BZFKCINXF Inc.,11239613
EIJPWZAKB Inc.,313424
IKWIRBPM Inc.,11205267
ZLFCHZC Inc.,11275734
FFVCLFYT Inc.,11246676
TJSXGA Inc.,11283135
AEXKPMXSJ Inc.,913280
WBQLZHZKC Inc.,11201863
PSBUUBSUO Inc.,62960
EVWZFQY Inc.,11281121
MCGWBRXVRK Inc.,11287945
VQFAWN Inc.,11215902
NDOFM Inc.,11291235
HHKFFPXYXR Inc.,11293019
PMORQWVYWF Inc.,11279423
KSYPPHR Inc.,11262132
BIFCJLMRSI Inc.,11293328
NJIUWZ Inc.,11259093
VGGYNGW Inc.,11232946
XQAADM Inc.,11200189
UCJZX Inc.,11293241
SCGPIAMLSQ Inc.,11255609
AMJRCMSPWK Inc.,54029
FRHGBNV Inc.,11281369
EEKBSRUHWD Inc.,11220276
IBSRWAIS Inc.,11281789
AMBDRMWTS Inc.,11226638
YVGMVLTWXT Inc.,11273494
VWQXBIMTJ Inc.,11282961
CTHXZJPPKL Inc.,11206853
CAICAQNTZS Inc.,11267791
SCCPJPNLQ Inc.,11294783
ZBYKTAYHS Inc.,11251750
ZXXTQYBZ Inc.,11266790
AMYHJRB Inc.,11295942
JOISEI Inc.,11257942
EVGSBD Inc.,11218998
MSEXSZZYPF Inc.,290601
HBDJUXZMF Inc.,11256628
AMNYJZW Inc.,11283122
SWEDSBCQD Inc.,11291896
ENYRBNZ Inc.,11216137
PFNZKYA Inc.,11210950
SCSVDTWGE Inc.,11258023
SJSFSPD Inc.,11287975
IPDZRL Inc.,11240405
EIBLUALLD Inc.,11297470
YHZSG Inc.,11228843
DHODKESUSL Inc.,11273718
YKEHOS Inc.,11298035
VTJRRQWVVP Inc.,776061
ZJAKMCYALJ Inc.,11286147
EXCQUIWR Inc.,11224293
CRORQYA Inc.,11231313
JSUIFO Inc.,11279892
CHBNOP Inc.,11264587
MWBUXEY Inc.,11298606
CMTMWKDATL Inc.,11207256
WXRKRAIXWU Inc.,11234225
ZSMESWJQZP Inc.,11279182
QSPUVXOAVA Inc.,11279944
HVHDRD Inc.,11237448
PRXVFCI Inc.,11252334
CUMMOUYAD Inc.,11264578
CQFBSWSGYT Inc.,11267877
EMVAQEZKXJ Inc.,11274891
GGCKALFZZ Inc.,11265920
HLPJER Inc.,11268550
GNWHMQLORE Inc.,49274
FWBULLY Inc.,11216212
XNDCT Inc.,11235718
YODAQHRH Inc.,11265179
POIDKGFHCK Inc.,11219604
FFRYLVZE Inc.,11293860
BXKMHVDJ Inc.,11250160
GLIPB Inc.,11270712
XUNRRJKTV Inc.,890903
HYCGMRN Inc.,11234651
PBDIVOWPG Inc.,343607
UXWVSZIN Inc.,11264599
GKEEIZWEG Inc.,11290629
RLRIAI Inc.,11266002
XFBTHER Inc.,11259145
SMUXMAM Inc.,125486
VANDJE Inc.,11204869
MCVEPXBW Inc.,11271878
SUTNYD Inc.,11297967
YGISKNI Inc.,11293432
VKDWPKFK Inc.,11283757
FGMURWSDPW Inc.,11224751
PUBDLFEWVC Inc.,11227733
DMHLM Inc.,11261076
ORZNG Inc.,11292028
GAHZSC Inc.,11226511
WAOBTAVJ Inc.,11232347
EKYJA Inc.,11283441
FQGID Inc.,11294508
FOUAFTYUB Inc.,11205834
SKNXTFO Inc.,11202657
TUJYU Inc.,11223605
KWSSVRHN Inc.,11216103
YKFMKHQCN Inc.,11283084
BDNKB Inc.,11224295
EJBMCKN Inc.,11245846
JDXERF Inc.,11207015
BZJZEQZIZO Inc.,470115
PVVPYOE Inc.,980347
NNDJHMIHH Inc.,11265219
RZFRICVJP Inc.,715597
EEVKNN Inc.,11282729
PPTESIDFLX Inc.,11277839
AIKGWSPRSV Inc.,11257670
SSZXGHRTXT Inc.,11268156
VKDQZFSVVW Inc.,11291934
DLKXFW Inc.,131191
WNFFP Inc.,11270282
UYKTEIDTYG Inc.,11252203
AIXASN Inc.,11295299
BONMQZLX Inc.,11217029
NFGETWJVOO Inc.,11283967
ZXWXFW Inc.,11204189
ORSUYOU Inc.,11227550
MZKCZOJJIE Inc.,11284359
DBMJNEE Inc.,11274567
XWBXFOIGB Inc.,960121
QBFHB Inc.,11248648
EEOWKHBHYU Inc.,11237821
WHSUBZELOR Inc.,11220893
YIGGU Inc.,11235825
RFLCK Inc.,11291837
IRKVPKJFPA Inc.,11245555
OQMWCIAH Inc.,11261995
RXALIX Inc.,11214390
KBSEOXEEB Inc.,11265405
YZMIVJHQ Inc.,11237641
GJWYJZ Inc.,11295960
IIWRTS Inc.,11219166
SKWVQEXSS Inc.,11240805
BULEHCKEW Inc.,11202220
HSGTD Inc.,11245065
SANJDK Inc.,11216155
ZPSFZBYAOR Inc.,11237280
WPLHWO Inc.,11263788
APWCJYWLCH Inc.,11269303
LBPDAJX Inc.,11231797
GAOTO Inc.,11266006
TGELZ Inc.,11238741
PTLYZ Inc.,11255146
GRPTHBILE Inc.,11261242
GKRZE Inc.,11277028
ODQUEPK Inc.,11283220
HWDMDLXRL Inc.,224588
KEHJCFIXPP Inc.,121960
IXSFMJZGKP Inc.,11255423
PWBCRHXPCW Inc.,265106
BBZUFSP Inc.,11258298
GXGXMNQ Inc.,11255122
PZVBCWGV Inc.,11262045
ABGGZMF Inc.,11289371
CUXDE Inc.,11245370
HMTWUVXTY Inc.,11218673
YTQMSV Inc.,11263190
WZUSZ Inc.,11230197
IYITM Inc.,11251735
ZKFBI Inc.,11256784
HUCCWYPO Inc.,11237347
SVVZVQ Inc.,11274755
UJDTEOKIH Inc.,11297449
ZVRZF Inc.,11204316
DHIKI Inc.,11211201
RBGFYW Inc.,11240215
AXCEYTUSX Inc.,975861
JFLJBBCQI Inc.,11209799
YEWFHS Inc.,11203256
CSYNK Inc.,11225036
XEELSDWKR Inc.,11258368
HIYAQGFNCA Inc.,11237805
GLJTTT Inc.,11204440
XRFUGZE Inc.,11279538
VUPEW Inc.,11204117
BJYJOWA Inc.,11223913
XIYHCVJJ Inc.,11209543
LPIGAHOIIS Inc.,11284703
VCAJKV Inc.,11215175
DXZUAJZUAD Inc.,11262954
HVRZXUA Inc.,11290589
QXJUWZSHE Inc.,397977
PIYRGNF Inc.,11279981
AHAMW Inc.,11249998
JNYAT Inc.,11240741
RUGSEAATO Inc.,482532
BKDVVPOJ Inc.,11265896
ZPQIVD Inc.,11236356
QCBWPKFT Inc.,269444
HLJTMECKB Inc.,11244956
EBHHMF Inc.,11298166
FDNMKK Inc.,11232863
AUJNKXRP Inc.,11278165
MDHKBARNO Inc.,11205396
CKMQUZ Inc.,11233214
YRCLELSPFJ Inc.,11290488
SFSEZDDZPF Inc.,11227879
FEYFYT Inc.,137059
MOOCBKF Inc.,936131
OGQIHKRRS Inc.,11266208
RTOCGTIXE Inc.,11274259
DXFNNQ Inc.,11231512
IEWXIP Inc.,11257382
XBRXPRK Inc.,988127
WBAID Inc.,11211763
AFQMKKBJL Inc.,11229765
ANTHWMYFY Inc.,11220468
GJSTCUC Inc.,130109
AMPENOXW Inc.,11278102
PWNSSPD Inc.,11248595
KSYOGGGJ Inc.,11214993
HXQIIHIR Inc.,11201489
BCGIG Inc.,11234728
RUCCZOFA Inc.,11251331
NJLEU Inc.,11215167
DQWLNEVJC Inc.,11271056
UDNQKJ Inc.,11200092
DJJBEU Inc.,11282752
TBWLZK Inc.,11215610
PISGXOLLB Inc.,11212311
NAVRZWEB Inc.,11220488
EALFFUCFEU Inc.,764462
FCXTGAZQ Inc.,220195
CQXUMNUGSU Inc.,11253599
COXIEX Inc.,11246664
MRUHDAH Inc.,11219789
QNOEF Inc.,11299778
NHUFZMT Inc.,11251453
WMVZCDCDN Inc.,11298530
JWLWNGYQPA Inc.,11214550
BWXPQEWSTJ Inc.,11273663
EEQQWVR Inc.,11244772
WENZLKGD Inc.,11232593
MLXBBHEBA Inc.,11268760
HRIMA Inc.,11215306
FDXDWCSPH Inc.,11263930
EJIGNPYAXL Inc.,11241998
SJFKRVA Inc.,11237946
LBJNM Inc.,11212299
LTTJBJYB Inc.,515099
CGUYTV Inc.,11210453
IGTUC Inc.,128907
IKSOUWL Inc.,11275473
PQATFEQGPP Inc.,11260698
ZHNXJK Inc.,11246573
GLVQGAFCQ Inc.,431897
LZJRPW Inc.,11252776
MRIQVMWP Inc.,11237994
VWZPSUOZIS Inc.,11224389
ZGHXR Inc.,11254663
ZPCYUD Inc.,11227300
FMWJOSGR Inc.,11241023
PUGEIHS Inc.,11285068
OMQGWI Inc.,11252069
VYFFTW Inc.,98747
ENZVVIPS Inc.,11233960
KRRWFU Inc.,11271963
XEACUHJ Inc.,11279368
NNBPADLHO Inc.,11247773
FWFFG Inc.,11270618
IVQRYL Inc.,11281344
CWPMGJIV Inc.,776572
CQLOFWWXV Inc.,508661
SLXHCU Inc.,11273304
ILUQNEVA Inc.,11203923
ICHLLAHNG Inc.,11225519
SVJXKWM Inc.,11225040
WWQRC Inc.,543398
ZQTUT Inc.,11244260
KPIIAGYJ Inc.,11259249
BMRXHRGAPU Inc.,11229746
LMVXPYTPG Inc.,11259464
FAEFQT Inc.,11298935
JRGSSLXB Inc.,216429
YEXSCNRNZL Inc.,11281803
COQBZB Inc.,11248058
ADWOEQH Inc.,11296953
ZDHCPSSLMY Inc.,11221735
NQPCBH Inc.,11284960
BUKXYYYK Inc.,11267309
HEZCONSRKS Inc.,11218717
ADRTTPQU Inc.,9888
GEUNC Inc.,11204654
OZVGSCDD Inc.,11222936
MYLJSGZV Inc.,11299143
EFGVONJBQT Inc.,11205712
FIYIRYPNMP Inc.,11215315
LKFGRDWLHF Inc.,11217900
RZFUFO Inc.,11266466
UZRAPPG Inc.,11293515
VWUSO Inc.,11253162
QSHJKYSP Inc.,11240456
TYXBBNKO Inc.,11257930
NZAUIWCWZ Inc.,11269504
PESIQBO Inc.,11230634
YJAENHSEJ Inc.,11203435
GCEYS Inc.,11221682
RDBGQFGYLY Inc.,11212991
QVRJOUTVEU Inc.,11286122
OOGMXS Inc.,11201929
YJYWDNJS Inc.,11254769
EWUWALKTT Inc.,11213221
VJVFIORVC Inc.,11296898
UCNZGSUOF Inc.,11206430
AKYRRY Inc.,11255463
APPYE Inc.,11287846
XPRCSUOUYI Inc.,419991
KOEQBW Inc.,11237893
NYRMNJETKQ Inc.,11283404
KNMZWAMH Inc.,472070
CYCCIICZW Inc.,11247723
WCRDZR Inc.,11259989
WVVSQANV Inc.,11234275
HDDDECEP Inc.,11235922
NGIWKMHN Inc.,11263100
HLOLEIAJD Inc.,11223625
PABGZBTYOC Inc.,11238439
LWWPSDUA Inc.,11296195
UPVLU Inc.,11251489
FGPPILU Inc.,11257584
LVQNITJZGG Inc.,11293992
AYDLCCJKGS Inc.,11203762
MITQPS Inc.,11290228
XUKAJEU Inc.,11261081
ZWMMQNBAR Inc.,11224662
IRLIEIAHBH Inc.,11252420
YUZLE Inc.,11248250
LEHAEBCF Inc.,74578
KZDQNA Inc.,11207540
XZXNH Inc.,494285
LKMOJXCO Inc.,11292464
VLJORSOYYR Inc.,11247894
LKBWF Inc.,11208100
FCYGEQXTS Inc.,11269466
LCTRT Inc.,11254073
TWVULU Inc.,11291855
SHSMMCEX Inc.,11257420
YPDBC Inc.,11282135
RXIYR Inc.,11225021
EHJAF Inc.,11252671
GUOJWX Inc.,32449
NLJQGZVN Inc.,11213508
HORATYC Inc.,11263535
OFZEWTOK Inc.,11202800
QSZCJX Inc.,11295862
FJQBEHV Inc.,11221390
TOQRPDXAVY Inc.,11294176
IDVLIRUQ Inc.,870198
ESOSQ Inc.,11234478
BQUDECV Inc.,11276622
FUUWEZZ Inc.,11273169
CZNIWEUT Inc.,11214871
XHOXNRDQK Inc.,11212396
ZMGAYCLFG Inc.,11271989
EOXJRKAVMV Inc.,11275856
BPXRUBTZV Inc.,453578
XMYFHRNCHL Inc.,77240
NTNRPDZIV Inc.,11206504
WVDJKQILU Inc.,11236693
ZRDBJNAB Inc.,11294295
DEDJXBFBH Inc.,11222037
QBPZLG Inc.,11203182
EEPJYZZN Inc.,298915
FEKIDMRXW Inc.,11252649
RTSWJENLMV Inc.,11241450
CORHDBYA Inc.,826096
LTGKOIX Inc.,121914
AXJRHP Inc.,560595
MVZGI Inc.,929502
GIEUL Inc.,11266138
XAKYWTCB Inc.,11269742
LIZNTTZW Inc.,11251696
LVFNUPMTQ Inc.,11207138
FBYRDPSP Inc.,11277584
MKDFSUVY Inc.,11250918
XFSOCX Inc.,11276703
TBQLYJCH Inc.,11253090
RQQZPXUW Inc.,11233786
BQQGFNAT Inc.,11291864
SWFCEHRLU Inc.,11246399
CZWWM Inc.,11210772
IEKLRQEWU Inc.,11286619
UAKCYJU Inc.,11276863
FXEJSVHRA Inc.,11243814
GTXXJZJJRT Inc.,11252785
CURVFOHSNO Inc.,11232270
LUGSORZJV Inc.,11263003
WDMNGANSF Inc.,11267351
VAFWZT Inc.,11211149
OEZTBAOFHH Inc.,11208684
RNLIMKSLS Inc.,11274602
SHNTJARY Inc.,11241516
EPDORIQ Inc.,11257199
AMJHGT Inc.,11200826
EMOZAMJA Inc.,11228990
LUDLRSV Inc.,11253104
VQIICP Inc.,11287277
TRQCGUYRE Inc.,11285349
DYNQCM Inc.,11237484
MXPITPGWH Inc.,11200961
DESSMH Inc.,431521
DYGBAOYKU Inc.,11224895
FDGVKFVBXQ Inc.,11259964
KJKDDI Inc.,11242824
WOSJTN Inc.,11228663
DSNZDPDI Inc.,11292221
PDZGPM Inc.,11283103
LXUVJPFOX Inc.,11296090
VWXBBS Inc.,11281496
IZGHZACMA Inc.,11266510
YZZNTJ Inc.,11255685
MJQEYU Inc.,543281
BUJWN Inc.,11290274
FRBHURGPXD Inc.,11296144
MWXCFDGPVC Inc.,11290949
FMYVX Inc.,11245010
YRAGPHWTZ Inc.,11248546
LSIWEOPYZ Inc.,11275618
TCXVVXR Inc.,11278731
QFIRUP Inc.,11277116
HWWBRVVCBT Inc.,11233981
TMFKVGAVU Inc.,11214179
HNLLCDDRON Inc.,11299140
MOBFDSBX Inc.,11295425
KSORLBLNY Inc.,11271545
ZAYOG Inc.,11236107
WIAJCK Inc.,480062
NAKCOTATQ Inc.,11296573
DNCJPOB Inc.,11232127
UJZMPSZ Inc.,11226521
XVFXZN Inc.,11228780
VBEXQTKBM Inc.,11236344
HQYLOJLXHU Inc.,890294
SZZYIGE Inc.,11267634
KWAWIQYW Inc.,11234673
JOJPSCMF Inc.,11259185
SMDDWXBAWV Inc.,11201820
GLSUHNTANN Inc.,11280604
JKIFVGBBO Inc.,11220789
SZBPAG Inc.,11288135
ANTWINCGJ Inc.,11228895
EOXHZREW Inc.,11274396
IQAMHDYKN Inc.,11216056
IWTUVX Inc.,11223812
EGGER Inc.,11223050
OGWFJJJTBD Inc.,11245228
KTLKV Inc.,11266016
KLDRZ Inc.,11269763
SMMQDNXSUX Inc.,11201782
BWFIAAB Inc.,11234484
IQYNZMD Inc.,11284346
IBFRBM Inc.,11259876
CTPIKGVAD Inc.,11274777
CNXRTR Inc.,296889
HIBPJGYLFS Inc.,11254983
WQQHBAUNKM Inc.,59244
IYQDTDMHC Inc.,11208746
MDKOKVATHR Inc.,11251807
RKGPOTAQC Inc.,11213275
PATGY Inc.,304195
RAKXR Inc.,11203352
RKQMNW Inc.,11257463
ZNJHITQAG Inc.,11217203
OFZNI Inc.,11273399
GQWJZF Inc.,11260485
MFRNZIIDJ Inc.,11234244
QNWWD Inc.,11222021
BGUNVU Inc.,11268279
HNSYLVM Inc.,11224077
XVUYNDHEME Inc.,11206216
GUQCXN Inc.,11231214
APEMXGUVRL Inc.,11201813
UDKWD Inc.,63487
PIEJWNW Inc.,11271583
RAELYRCPE Inc.,11225516
TUUMWU Inc.,11230115
AZQDJTXVK Inc.,11233412
UNAUI Inc.,612565
RQIEG Inc.,11246096
AXQVKWPI Inc.,11204649
ADEYQRCC Inc.,11254754
ZXYXTIXMZE Inc.,11294855
HAJRXFCWW Inc.,11210714
YZPQW Inc.,11294643
PVZEZT Inc.,11207335
AKUOAPC Inc.,11245886
XGOPC Inc.,11250545
IAVAH Inc.,11230791
SGQLPU Inc.,11231996
ZDFII Inc.,11285798
MNUWUZKKM Inc.,11221228
DVEFQBMC Inc.,11278175
BMSEDMRC Inc.,11280518
COPDI Inc.,11233136
OKZFZRXI Inc.,11234269
UIQPXHI Inc.,11232427
BVQZQSYY Inc.,11292717
KDXIRWHILY Inc.,11222372
FSKAO Inc.,11278904
UACMKU Inc.,11275423
LBZZMTL Inc.,11282380
RDNFFPRCQ Inc.,11234217
AMNNC Inc.,218663
BSEMX Inc.,11243675
ZDIRLSE Inc.,11264710
LESJIXYJGP Inc.,600320
KQXYLUHP Inc.,11269430
AIUATP Inc.,11229568
JQOIVZI Inc.,11225864
EQGSTTE Inc.,375575
FANLEDANFC Inc.,11291670
FLTKZ Inc.,11201187
CYPUZG Inc.,11228043
BIVWZHMVSB Inc.,11274885
SYJDG Inc.,760942
HJMLFRPU Inc.,11274085
VCURBHW Inc.,11209098
FIKWJTXDDS Inc.,11219265
WZNCSYUVNE Inc.,11224303
GVGUI Inc.,11266503
KLYWYEF Inc.,11229048
THHCH Inc.,11286077
RGLYOKX Inc.,11255599
ASVDMQIXG Inc.,11225617
WNIYX Inc.,282738
ZNYDYLJQ Inc.,11213225
MASHN Inc.,11299475
WAFWGDH Inc.,11204417
CGDXYRPKD Inc.,11273479
WEAFDW Inc.,723566
RMHZTSABXV Inc.,11235462
YINNE Inc.,11264562
PYRXYQ Inc.,11226022
UXCPN Inc.,11279452
MHATNNH Inc.,11201418
GJVJXC Inc.,11213883
LMLBVCMY Inc.,11281245
CCTLOOYA Inc.,11252841
TQFDCIXJFN Inc.,908875
CSSMRZBC Inc.,11285383
MQWQPNOVNW Inc.,11265458
BSLAPC Inc.,11260838
OWSQK Inc.,11292778
FMCPI Inc.,11235118
SGWYYKRLAX Inc.,11259513
ZPZXU Inc.,11253888
ZWDCDVXCMA Inc.,11232990
UHBFQ Inc.,11226945
SBZSIEEL Inc.,11271300
NWJDNP Inc.,11250292
YTGFYDTB Inc.,11284337
EQDBBSJQGE Inc.,11226339
TNANS Inc.,11271170
RMXIWV Inc.,11225448
PVYIQXJP Inc.,525928
ZETEXXDU Inc.,11223359
MHXGZUAM Inc.,11236072
GJLWCMNL Inc.,11252552
DCJPMK Inc.,11249340
ZUDDNBFW Inc.,11232486
RUOPCUU Inc.,11289517
RFTAZUPP Inc.,11228556
FZHXXZMUXC Inc.,11227055
FBIZVOJ Inc.,11249127
AJQIPSO Inc.,11200460
CRCNC Inc.,11286282
OZXFJUN Inc.,11299780
COEPL Inc.,11209997
PXDGK Inc.,11253390
VRYSYFKA Inc.,11251442
SYUCYUJJRN Inc.,775197
GXXVYVWBWR Inc.,11288702
LEYHCKW Inc.,11296226
VJREKQRIQL Inc.,11240164
GOZOEBD Inc.,414671
GLGZKNPTX Inc.,11238591
BIHKP Inc.,11261183
LKWOPH Inc.,11233570
KULMITMIGF Inc.,11290010
DYOGU Inc.,11266950
WOCKR Inc.,11224433
HHOJOSTI Inc.,11220983
RLKJMA Inc.,11222679
PRAUQVM Inc.,11239084
ENTXQTCJ Inc.,11216834
XGXXOWHUWI Inc.,11209084
LOMAKNIJ Inc.,11233511
NQQSKWW Inc.,11280996
JTGVULNTHR Inc.,11278608
TBSXVOZPL Inc.,11257436
IYFTWSGHSK Inc.,11276813
SSOEKRIEEO Inc.,11211346
ZJQIQTM Inc.,11256053
GXLQT Inc.,11263913
GIGHF Inc.,11209847
ARWIYJYEMM Inc.,11285932
WRAGL Inc.,11250339
VZOPSH Inc.,11264474
UBNAJXE Inc.,697049
NNWAYVA Inc.,11202996
TSBKXBR Inc.,11241005
DEBVIVNUAQ Inc.,11238958
DAQBDO Inc.,11290564
KBRLZXVBLS Inc.,11214554
KKDSOYICXB Inc.,950719
ANZQKIXCU Inc.,11285283
XNTCXVUAVR Inc.,604662
HBRDGB Inc.,11259854
NIDBQ Inc.,11276592
KSAQI Inc.,11212542
QKWTUAGLHD Inc.,11232131
QOIEV Inc.,11295473
FBOJTIX Inc.,11279562
JSRMNTO Inc.,11221707
RPZQJRKHA Inc.,11216737
TFJFF Inc.,3418
GYYEKDSH Inc.,428639
LEMKSOEIBI Inc.,11263714
SEXSK Inc.,319343
QMUYH Inc.,11281300
HPOIZVBII Inc.,11286587
NDVOXNSWF Inc.,694406
IPXFX Inc.,11258794
HANSORCM Inc.,11213604
NGNDXUTB Inc.,11250413
FNKGYPBD Inc.,11233878
QZDEML Inc.,11289182
VGYPKT Inc.,11276897
VHEJA Inc.,11285160
GXRBRCGL Inc.,11223619
UOHEYVKS Inc.,11279946
IBGSVZU Inc.,11274717
PGIDBXSKPO Inc.,11221739
ZXBQR Inc.,11266374
DOCBI Inc.,11289776
VHLJKAXFX Inc.,11278419
YORRI Inc.,11231175
DCBYFXWGBH Inc.,11283113
TZQDE Inc.,11280013
ZVJSHFN Inc.,11258710
MADFJFIB Inc.,11230000
FFNANTG Inc.,11233072
PNQRKG Inc.,11274710
MGETDLXD Inc.,11257496
VRXSCSOT Inc.,11285215
FXZEASFS Inc.,11298377
GEOKWXEKR Inc.,11292713
EGRWUML Inc.,11227545
IZTNXIIUHZ Inc.,271902
EBMAZQHRPB Inc.,11292528
HYBUOFEL Inc.,11279458
YVQWGEIB Inc.,11251765
VNWOUUS Inc.,11228673
FXIEAPUBJQ Inc.,11243542
JWPZRB Inc.,11272935
JBFYJAWXL Inc.,11233633
LYOTK Inc.,11297110
JYWJUEF Inc.,11277978
OIZLVTREXT Inc.,11277591
FPAWMHVWNB Inc.,11241046
FJFFVMZ Inc.,11224815
PICYQQ Inc.,11232837
FLPGF Inc.,11204840
HZPOJWSPM Inc.,11249274
XUOUV Inc.,11244009
WXUXR Inc.,979129
QTVRFYYXDR Inc.,955016
ZAEVHE Inc.,11278483
TTSTEVSFON Inc.,11254899
WMCAVSGBI Inc.,11263722
MQNAEWC Inc.,11266401
SAMZRRHG Inc.,11281333
MZJOX Inc.,217440
DXAXVHYYYL Inc.,11282931
FQTGHD Inc.,11205319
VGLPBOCXH Inc.,11252595
AWQZKRV Inc.,11292276
AKPHLH Inc.,11228265
FIHDU Inc.,11210525
XTRHIGO Inc.,11210866
WILMN Inc.,93720
VMOALLG Inc.,11277289
WHVINSQRX Inc.,11244485
UMXLCBNC Inc.,11229739
WHPDMMFRR Inc.,11228048
AGOKC Inc.,450186
JOYKXFV Inc.,11267765
MMAYAQ Inc.,11291549
PRWXF Inc.,11287557
KYKJEMA Inc.,11254724
OREIST Inc.,11270192
PGUSXPK Inc.,11273737
UREXYP Inc.,11285112
FRXGWPBGYI Inc.,11218368
THQOZQRXZU Inc.,11211275
BRKKA Inc.,11275577
UXIQVW Inc.,11201370
CSIFYM Inc.,11292267
CVORIDZPLG Inc.,11277342
QHWZZL Inc.,11294391
CVBRUY Inc.,11243927
DWVTMUHUAA Inc.,11211242
RNZWRO Inc.,152566
EEHAJM Inc.,11269922
MOFOZ Inc.,11217284
XWGFM Inc.,11276382
NOSMYD Inc.,266675
JNZBJPZABX Inc.,11240643
MWINNS Inc.,5159
OOCWHCDX Inc.,11208787
ZDAWZD Inc.,11296752
DGZNV Inc.,11294299
ZPRNXVGO Inc.,129420
WZUDC Inc.,11253277
YUEWIWEI Inc.,11266436
BQZQBKPKZ Inc.,11284063
GAAOTEQ Inc.,11255411
IXAIIKL Inc.,11245332
REBJZZ Inc.,11264378
EGRHGG Inc.,11253804
YAFXJTWNVI Inc.,11257714
TTPWPXQJOQ Inc.,11245675
KRIWCHMQ Inc.,11263395
RRRQY Inc.,11225592
FJJZIWG Inc.,11245874
GSINUAMMD Inc.,347217
CSOLAGBUTN Inc.,675830
KWMGWTYK Inc.,11233205
SGAEPQZN Inc.,11207936
EPREORX Inc.,11287990
KCPFI Inc.,6912
DMAWXVB Inc.,11245032
RZJXGCOSAR Inc.,11243529
ZCKYDMLI Inc.,982188
WDMVJZ Inc.,11286926
ABASO Inc.,11228245
XBKZZTWMSO Inc.,11267026
HLNLDYFRL Inc.,11299349
XIDIMHNKL Inc.,11200862
IWYCFE Inc.,11252681
VAGFHLZFYD Inc.,11217619
JGUTNBEJKE Inc.,11204145
MUSPR Inc.,11210108
IPJVOGQVS Inc.,11203377
ASPGFQ Inc.,11279524
JJVNLV Inc.,11255910
QNOOGVDG Inc.,11235807
QLDFTNK Inc.,242584
UZHKWE Inc.,11260550
AYWYV Inc.,11274655
FOOSVNWRU Inc.,11213852
ZVXSUABLU Inc.,11216411
TYKWBX Inc.,204007
CLFDY Inc.,594547
ZUANVTM Inc.,11215864
BFIHAYMYH Inc.,11243683
XXWITIDDVS Inc.,11268273
XBZQHXQM Inc.,11209623
LFWDFDWDKA Inc.,11295800
BNKMFIV Inc.,691757
UDMHLWXH Inc.,491998
VXDTUBMBFL Inc.,11239571
SVPOTAE Inc.,11288171
YXNKYFFY Inc.,11217763
FFCJGHETSU Inc.,444845
NDDVV Inc.,11249987
ZVNUOJFVH Inc.,11277217
LBIXVRAKOP Inc.,11286633
SQGOC Inc.,11233830
QAVSDMRKRK Inc.,11263287
RPKFNRN Inc.,750930
LJKJY Inc.,11231321
SYHPJ Inc.,11235686
DYXOAVEJFN Inc.,11207552
RWXTQHLAXV Inc.,11231801
NLFMUXL Inc.,11293360
TDWJA Inc.,11279246
UOCMZUDAI Inc.,11203369
ONXZUKU Inc.,419721
NEOKQWIBH Inc.,512885
GIAOTZOB Inc.,11209318
PSKDXMVO Inc.,11259137
LOESFBROAD Inc.,11225422
KTDJH Inc.,11215116
YCSEYFL Inc.,11221044
ULRPXVDFTH Inc.,11204423
UZGYVWBWBY Inc.,914569
PWHVIE Inc.,11277184
CWMMZBPN Inc.,11216275
JKTRDBMC Inc.,11244898
NXCDGOHMON Inc.,11275754
RQFSZINMYT Inc.,11275244
EBMKCUNSMM Inc.,11238478
ZXBESDGI Inc.,240521
RKZCGGUP Inc.,11258487
IMTRMWZDEK Inc.,11279397
ENXLFWMN Inc.,11249600
KINDSOT Inc.,11264292
CTLAUUIM Inc.,117166
SBLUD Inc.,11210470
IIXVUS Inc.,958361
MFBTHONY Inc.,11260143
LBMVXYVI Inc.,11221832
ZCWHLOS Inc.,11294069
GVSVFGYJYU Inc.,11206894
KHCRNVKTI Inc.,11204499
JIXUYUN Inc.,11236702
TCENYXTCX Inc.,11258025
PSAGGC Inc.,11262636
KIQYWQUWOR Inc.,11289019
ZLHMOTUD Inc.,11272463
MCKLCGT Inc.,11200043
KEGPE Inc.,11291771
UOTZI Inc.,11274048
LPHILTV Inc.,11286949
GAQPGSBFEZ Inc.,11229888
UCPEXJTXYU Inc.,11299276
LBEOCEK Inc.,11256968
XVQMQZBH Inc.,437520
UPHXMQHA Inc.,11235909
BXEIR Inc.,11275413
ZGGYX Inc.,11283672
UISHVS Inc.,11220621
WDLPJDXWD Inc.,11272493
FQYUTBC Inc.,11232937
CJOJTFCK Inc.,11233900
BJWAGD Inc.,11268050
BBPJKWMB Inc.,11283250
KXBDPQBAKI Inc.,11218893
HKEGS Inc.,11225228
VZSUNUXB Inc.,11267378
QEFDN Inc.,11228587
WNDIUMTZW Inc.,11287480
GLYYMMDD Inc.,861665
ZWPYJPXQE Inc.,11217012
FZPQLDL Inc.,11243242
VPPIIFWOD Inc.,11262831
REFLVNJHT Inc.,852446
MEXFQKU Inc.,11251322
OBGREYPZC Inc.,11215021
MWTSEOJEWS Inc.,674900
JRBZR Inc.,11279004
ETNOXJHDA Inc.,11222163
SIPJDDAHDS Inc.,11249840
LDMJMOLG Inc.,190801
TYGVM Inc.,11220448
GISLADVRU Inc.,11275094
XKIUAQAI Inc.,11208785
AYKYZOU Inc.,11275607
RXBAHDED Inc.,11249833
ZKSMAGFA Inc.,11271938
TANJXO Inc.,11297485
NGNXD Inc.,11218382
JEVPKD Inc.,11235829
YHZATQXUB Inc.,11250638
HKXMMGF Inc.,11262130
EQBUV Inc.,602645
CGZTD Inc.,11250060
WZXFVYHP Inc.,11265310
FNCJKPFGI Inc.,11202140
GYVUNAGUC Inc.,11200149
BFVZNNTI Inc.,11245570
ILGWKVKC Inc.,11279698
QSAHJTSKJU Inc.,280111
TOYFFJVZST Inc.,11297298
VUEJKUPU Inc.,11273776
ETOFFJB Inc.,11261237
BVHACR Inc.,11270155
RRIIU Inc.,11246606
LXCCTAVVME Inc.,11278547
MQOKOP Inc.,11213730
QTRAGKH Inc.,11258506
SPHQHVDGZ Inc.,11206298
FQEHD Inc.,860882
MKENRKBWR Inc.,11203964
FJLDQJHWK Inc.,11265166
LKVRWU Inc.,11213705
XGLDB Inc.,11252458
BTYRLTMPI Inc.,762044
ZMGBGY Inc.,11237510
ITGTJYR Inc.,11243396
LLKQRDZ Inc.,11204401
ACFBZKA Inc.,11277097
KNGHEOQMB Inc.,11234405
QDUNG Inc.,824964
LSUWSII Inc.,11288478
YNBWOF Inc.,11265864
HJCPD Inc.,11210981
LICYL Inc.,11211378
QBJRDG Inc.,11286929
GHMSZJSSGM Inc.,11236441
BXKUSD Inc.,11241796
SPCUPLAT Inc.,11291777
OCGARMEOQZ Inc.,11249181
YBTJIIOI Inc.,11271104
DRFIJIH Inc.,11211980
EEOTJQCC Inc.,11256832
ZZFPSK Inc.,975147
UXKPRAJIQS Inc.,11278533
AWBHQ Inc.,11245462
LLOJVW Inc.,11297689
XJSIRHPZYU Inc.,11225182
OQFVT Inc.,11236328
HFLYCKIFGQ Inc.,11291513
VFSBSXM Inc.,11227499
JTNZJJPDY Inc.,11227824
IJEGAI Inc.,11207277
AVOLJCDFPW Inc.,11254012
HMJXDMRX Inc.,11293483
MZPOAPW Inc.,753015
JDCIUBSYO Inc.,11260211
IQKJORTK Inc.,11299563
VPTIA Inc.,11255093
SDBYEEPP Inc.,11296448
YZSMLXGUZB Inc.,11290076
YUNAVAO Inc.,11277618
OHWDPSWBK Inc.,11276609
BSYHZGPO Inc.,497133
JFXYQG Inc.,11286182
DBIGTQOO Inc.,11236590
NLRMNVUPZ Inc.,11236067
VYEDVSM Inc.,334205
LRICOZV Inc.,11204832
GXBIA Inc.,11276499
QALVH Inc.,11217743
UKODHDVO Inc.,11260871
NVDPIJ Inc.,11283473
VFMXDUWI Inc.,11252773
YBESZFU Inc.,11267853
WADZVDPMXE Inc.,11246746
BSJPQ Inc.,748388
HQYCXJ Inc.,11214420
KUVFROZSWL Inc.,11249597
NNLTCMVJW Inc.,11220039
ECCJR Inc.,191519
KNTHGZTC Inc.,699375
JCCMUH Inc.,11287014
TDBQI Inc.,394627
PXCELWBFKL Inc.,11291984
CVPKDD Inc.,727908
HBNLCVIEBY Inc.,11260257
FIADMXW Inc.,11288111
EBHBLB Inc.,11221941
IUQLZ Inc.,11253077
RHDLVGA Inc.,11255087
RUCOI Inc.,11266250
ISLQPU Inc.,11294331
YLNNQLBBJ Inc.,11206721
KMAMQEX Inc.,11287574
VUMURBIBON Inc.,590090
BSVDZT Inc.,11264278
GJTXONNOJ Inc.,11242712
QOGXGO Inc.,11238868
CYAJNNY Inc.,11213393
AVCOJGNA Inc.,11274024
ZQJXXTG Inc.,11263423
LLUUV Inc.,11294083
ZGLOU Inc.,860740
KZAHGVXQ Inc.,11273094
NMZIH Inc.,632250
TKVAKBYVQN Inc.,11247206
RMVQZFWBO Inc.,11292409
YUALHAB Inc.,316288
NBQQMBPQA Inc.,11233424
IQFWTPHP Inc.,11277974
FDHSD Inc.,11226699
YPMIEYPV Inc.,11223116
PZWDASEKAZ Inc.,11233028
LYIEJKE Inc.,648470
OMRTHAX Inc.,11215372
OZNZRRQXL Inc.,11247477
DSBEEOBWSP Inc.,11255739
TNYLERKJCG Inc.,260103
VNBVVXXCN Inc.,11238854
KBMISUCC Inc.,11229485
OPVDF Inc.,11261817
IVCKCRFE Inc.,11214649
FTLLMUZD Inc.,11238944
ICEUJXQM Inc.,11202078
KEEDKDGJW Inc.,11286925
JTSVLKPJ Inc.,11272850
BHHPFRMPRN Inc.,11273775
XINMT Inc.,11288848
VWAOJDE Inc.,11261653
DGKWJILUCH Inc.,11231662
JQWSQGTH Inc.,11221670
ZVFRUR Inc.,11247125
UTYKWEEHS Inc.,11252103
VNQSOCL Inc.,11203820
WDGQAJHLW Inc.,11248283
GAMJZQVHEA Inc.,720837
QZUGNSJUIT Inc.,11275869
AGNATL Inc.,11253098
WEDVD Inc.,11294550
GNISHQIFJS Inc.,11291787
RQXZFVCB Inc.,11222553
PVGAVKPLX Inc.,11225446
KGBWUEC Inc.,959068
YQVYGORLH Inc.,11295045
DCQGDDLN Inc.,11241409
GPMLO Inc.,11200017
KOXTIPF Inc.,305484
PFWMS Inc.,11292503
RYSVGA Inc.,11232194
YZGBQMZHFO Inc.,11225525
JYMUHBJYZ Inc.,11244177
WACSB Inc.,11218854
ZGQRJY Inc.,11253868
QABJRLVZO Inc.,11215831
PMUEXL Inc.,11290025
SQGZFFCDVF Inc.,11265058
RAWLTMHNN Inc.,11248267
HZKCOJJMI Inc.,11293950
GCIAKKFV Inc.,11279492
TQCVG Inc.,11268773
NVROM Inc.,11215078
CRCMWK Inc.,560412
PEPPFXAV Inc.,11252810
UJZUCMZG Inc.,11209724
GFBPTXPZ Inc.,11227016
FEODSSS Inc.,11255185
JVMWZ Inc.,11295301
EEOSAUCY Inc.,11224457
PVBJHHXA Inc.,11279025
SCRYOAKO Inc.,11238527
PVIJBJHX Inc.,11203690
SJTCS Inc.,11219795
NZUTSYY Inc.,11256367
DIQTQQV Inc.,11257130
GYAPPN Inc.,11291468
MXJAFCWKKM Inc.,11208248
PEUABJF Inc.,224312
CRUJMZ Inc.,11209031
AULHBJBCD Inc.,11293622
ZBPLLML Inc.,11271819
VPRDHON Inc.,11248188
TEGYJH Inc.,11252080
PTCCOXDGJL Inc.,11289815
VHXLKYYQYJ Inc.,304915
HDISMPGXG Inc.,11241924
TDLULVHFIE Inc.,909299
YIZSIIUVI Inc.,11254420
XFLJFBXZW Inc.,493714
VUQKKMH Inc.,11273302
AXLHBABIG Inc.,11267885
FKWGR Inc.,11252715
WISYROQZ Inc.,11205037
HKQRSW Inc.,526708
WPPAZRXAL Inc.,11235945
BCCYHDPKUY Inc.,553165
CLMXATM Inc.,11248055
AUFHZWV Inc.,11263411
YOEWWADHD Inc.,11276637
NCMXO Inc.,11245395
OCVUOO Inc.,11232497
QBTQXO Inc.,942962
EGEFAGLH Inc.,11234134
PAHFXG Inc.,11234929
TOTVDMX Inc.,11252622
CHASZKHB Inc.,11230759
UBJKDI Inc.,11267917
CMELE Inc.,11274538
DKZVNJVHF Inc.,936979
GTOTUWXV Inc.,11260568
VTLEBJ Inc.,610457
MPBIQ Inc.,11227498
AEZJCUFH Inc.,11213138
YZJQC Inc.,11293042
IYVBNGTWBR Inc.,11239914
QXWGTUF Inc.,11255704
ZPWRJUGTS Inc.,11216926
DRDDFIJ Inc.,11267861
WLAPEWMWKO Inc.,11273636
KJXITH Inc.,11228248
QWKTWLHE Inc.,11207716
WLRYC Inc.,11204683
UPFJOXTNZ Inc.,11213726
IWFKHEKJMW Inc.,11238256
LDYTB Inc.,11200844
HGZDUP Inc.,11225541
GMDLBZ Inc.,11230921
WUFHEKIJJS Inc.,11280038
ZDVKLOV Inc.,11287260
FCGLTB Inc.,11263197
YVYEWLKARB Inc.,11210857
XTJMMQNYU Inc.,11201293
WWLEYGDXK Inc.,11229227
JDXBUADIYR Inc.,617092
WHILQVO Inc.,698726
NVQRKX Inc.,11210134
ENZWNCXTHR Inc.,11216907
FWCOIIQK Inc.,11293987
TCLSX Inc.,11254516
WHYCE Inc.,11218357
BLDZTMOFXO Inc.,157061
NVUCTTU Inc.,11220497
HIXNC Inc.,11234814
OGLXVXCXH Inc.,11225205
NKCGKS Inc.,11201690
RRLXIJXG Inc.,1320
NARDPOIZ Inc.,29378
STQBRPVXE Inc.,11285848
QAZIT Inc.,11253246
CJTIQF Inc.,11229319
BWMHVUOYU Inc.,11291554
GTTOQUUFE Inc.,863451
OQPBEOZUT Inc.,11229875
ETZKBOFF Inc.,11230225
IJSNHRQZ Inc.,387521
UIRWZFRIWT Inc.,566614
BUKAPED Inc.,11205395
PBQPFHY Inc.,11200255
YHVMN Inc.,11243340
GGMBEBOQPQ Inc.,11220382
MKZEHGWZXK Inc.,11220661
AHWMRSMP Inc.,11201713
EZSTYPK Inc.,11292077
NURIXYX Inc.,11223969
NULNALVKUS Inc.,11223199
QWVWUPUEH Inc.,11251988
WRRASN Inc.,11272761
TUWRNYRXZL Inc.,11253439
NXHGXPI Inc.,11299497
WXDWYEJB Inc.,11266115
RNPDFZ Inc.,11287592
COUTDR Inc.,11273984
RDVYOPLXWL Inc.,11286676
RJVMBHRN Inc.,11233688
UFZHJGXOK Inc.,11219650
WCNOIGTFR Inc.,11239043
SOOXPEEO Inc.,11283949
EORHTQAAIC Inc.,11254928
PZNRSIWOS Inc.,311635
KPTNP Inc.,11243423
DNVYZEPH Inc.,11296222
VZWSLSAG Inc.,11226174
HBLCX Inc.,11218991
OCQSQY Inc.,11209635
UBXFIN Inc.,11296134
DKHOILI Inc.,985022
MBKLTHYHS Inc.,11279783
YVKRXWYJDW Inc.,11236306
OHLCA Inc.,11241531
IAGKAQR Inc.,463796
YNLJGBLL Inc.,11219731
FBLNSRKPI Inc.,29397
IBVSK Inc.,11227606
AKRWRQOMWV Inc.,11296415
DFOHRKG Inc.,11220542
WXYZEUI Inc.,11242598
XCRYUKIBBJ Inc.,11208178
JICGDW Inc.,907590
FLNFX Inc.,11285762
YAHISR Inc.,11236925
PGSADBUUN Inc.,11226104
UVTVVTHZ Inc.,11231607
CNYOMKTW Inc.,11292513
NDLKRQE Inc.,11217001
OOSNAZAKWK Inc.,11265924
XWWBFGADI Inc.,11246140
QVCJPU Inc.,11238274
ZLLUXCPE Inc.,11259804
AZHFHFNPG Inc.,651270
DTIUEOQXS Inc.,11288273
DTFRJQ Inc.,11252524
KETERRE Inc.,11260490
OFBJUPBM Inc.,11277847
KWBXXHCC Inc.,11217474
HBEGTTHD Inc.,756152
VYBNSOMFFK Inc.,11238275
ZRTZSIXAHX Inc.,11268669
RSXJK Inc.,11297198
XHTCLBUO Inc.,11214071
GEMUDX Inc.,11276304
JDMNCH Inc.,11217302
YUJPLDX Inc.,699270
FFRUBQOAVH Inc.,11203969
ABUMCQHD Inc.,11299479
ZMFRVT Inc.,11279455
LGEHYSEK Inc.,11289348
AEAIQUMNCF Inc.,11276131
JNGFYAITS Inc.,11296536
VIGYMV Inc.,11253582
MEBSEJXF Inc.,11261432
LVSOYRM Inc.,11207865
KHWKYHIBS Inc.,11237419
XQLRBLLY Inc.,11249275
IMEPN Inc.,531204
JHQBWPZ Inc.,11232350
RLDNI Inc.,11212631
XLXPAN Inc.,11240988
ELBUQABM Inc.,11217684
KMUAM Inc.,11254774
IEKCRNPIB Inc.,11229489
AGYYNB Inc.,11249253
RTNKTCC Inc.,11264627
JVCXKAMCQ Inc.,11286031
GCGYERG Inc.,11291278
OZSPK Inc.,321488
CKRPDIFCRK Inc.,11267511
SJCEMTJ Inc.,11299146
YUISHVHAAH Inc.,11268745
DPNDPHROZT Inc.,428504
RDHEJREGAA Inc.,11242550
SJAEPLQMKA Inc.,11219505
YZPATXKCM Inc.,11276944
PIJNNSUMF Inc.,11257443
IRYZFOXEM Inc.,11205882
DWWRP Inc.,11230713
OSLJINSZG Inc.,11209682
BXWYULO Inc.,11255327
DFVKFUSXX Inc.,11241986
IUWVOEFFD Inc.,11276000
RPHZHOB Inc.,11229112
MZTZPW Inc.,11262867
WSTHRBY Inc.,11288197
PYOVXSXDE Inc.,11244004
AWXIB Inc.,11295755
OMSLIVQONZ Inc.,513614
ODZBX Inc.,11220693
JLYUG Inc.,815798
SOIUHI Inc.,11270100
VRVMTKQX Inc.,11293098
HWISOAQWR Inc.,11244346
GEIKGH Inc.,11268474
HFSQKIUTY Inc.,11253234
CBIJCP Inc.,11257628
CFTMIK Inc.,11201494
BSJXZOYABH Inc.,11259261
SJDWKF Inc.,11299337
NYSHP Inc.,11226343
QLVGEOMP Inc.,11228247
SLFOVGLR Inc.,11201954
NBPXRY Inc.,11282592
JWLXQFZ Inc.,11292721
KSGHJOCRR Inc.,11225215
QLNRAFGNYZ Inc.,410613
OHHFYBMY Inc.,11243393
HZRPWKVC Inc.,11204731
NVDYDJQPJ Inc.,11230200
LEDBKQJOSW Inc.,11275537
VTWZFM Inc.,11274109
HHMZZE Inc.,11240251
FBGSSPP Inc.,11258326
CDOEUR Inc.,11248864
MIELMH Inc.,11259230
GSBHLP Inc.,11201442
MHAAOAV Inc.,11241656
NERNZBEJK Inc.,11217552
HQYQNGSOA Inc.,11223726
YARBMK Inc.,11257000
SBHPIFYBPY Inc.,856372
IQAGMMJ Inc.,216406
CHWEYC Inc.,11252271
JYHIIW Inc.,11268795
YUJGSBA Inc.,11295589
LXHXRJ Inc.,11236595
BHMVS Inc.,11281840
RYAVU Inc.,11297660
UKDZAUIDN Inc.,11282521
IOCWJBK Inc.,611983
STONA Inc.,11261330
NWRVJ Inc.,11203898
BPLHPPTS Inc.,11238409
LPVBIRUS Inc.,507374
DERKH Inc.,701251
IKYBW Inc.,11234043
TDVXXNQTWD Inc.,11290919
FQEQO Inc.,11251096
VBLGRDEH Inc.,11299025
VDGVUICDOY Inc.,11276615
PZXRGUUWJJ Inc.,11215438
KMHTVPK Inc.,11289111
GSKZUCNSSI Inc.,11254197
SXUQFCHYX Inc.,11293979
REALTDBTX Inc.,11228581
EEHDRLR Inc.,11293417
XFWNKL Inc.,11218311
BSCWG Inc.,11287733
PMUUXQ Inc.,11215244
BEGQODJ Inc.,11228093
STXVI Inc.,11299596
JLBXL Inc.,11226631
VUVST Inc.,11265949
PYTEIT Inc.,11255399
VTONAXZA Inc.,11213936
ZKQIFYGQUT Inc.,11248565
MQRWT Inc.,11231741
SHGPSD Inc.,445276
MKHUFC Inc.,11231678
GQJPWJNM Inc.,22151
CRZKMLJT Inc.,236456
IJGBLD Inc.,11233814
JVLDZJT Inc.,11238064
VZXOYQFVBT Inc.,11231459
YRTRCVN Inc.,11212714
TRCMXPU Inc.,11203897
EFSEKJW Inc.,11275207
EMWMRNSM Inc.,11293858
PBASLVPWX Inc.,11268059
EBHOYWRDCN Inc.,11205445
ANFVFSLR Inc.,11257251
NMBTABTQ Inc.,11238070
CKIQDHO Inc.,11214691
ZVQLFO Inc.,11224717
GQZLNVKFYK Inc.,11254318
LWRUJIG Inc.,11251264
BKLCU Inc.,207292
YAQUYXYY Inc.,11253270
IKXEHVZOVE Inc.,11241970
OVHVVGEVIZ Inc.,11251235
ZESAWZIGRO Inc.,11244281
TSBKNRKSQE Inc.,11219849
VSUEZ Inc.,11266708
FHSRXRAM Inc.,11208946
COZNH Inc.,11270093
XWCKCBU Inc.,11204925
CCVUVTKOJT Inc.,11220023
DGHJJZDKNI Inc.,554449
BADKWZJXUN Inc.,11295919
SJJDG Inc.,227610
OMAUG Inc.,11234341
EMPSU Inc.,11205811
QGINJ Inc.,409270
EVBMXL Inc.,11216509
IXJSU Inc.,11269234
QKNQFZTLRW Inc.,809569
AQNQVZBCM Inc.,11247021
AVDNBDRM Inc.,11279468
WPNSJ Inc.,11207569
TNONKMXY Inc.,11250956
RMHJCDZEDE Inc.,11277336
KVQFIJHYPA Inc.,11227227
PYCQZ Inc.,11283148
NTSMD Inc.,11254742
PNMYYCRSNN Inc.,11269286
YQMVVCGQ Inc.,11203727
VFMEI Inc.,11247616
VLFYLIWLL Inc.,11217857
AZNOBHLYTT Inc.,183986
DVIYMHILE Inc.,11225167
LJDQEE Inc.,171449
DRMEEOSV Inc.,11203761
YXVNXFP Inc.,11209310
HURUZZYAD Inc.,319411
YYNRFKM Inc.,11285314
ICEBMYID Inc.,11262016
XPHOBU Inc.,11257958
KVIWCURHZ Inc.,11254078
YXFSFYFNUW Inc.,11293247
HTRDWLWTL Inc.,11269907
ZQTQUO Inc.,11292078
IIWMSJAW Inc.,11246245
RMZFMFQ Inc.,11222125
VPVIDF Inc.,11252109
KUSHD Inc.,11288554
GWWNBZIL Inc.,11250492
VEZOZ Inc.,11213212
ZQMXDZTL Inc.,664348
WTOQVXF Inc.,11222038
OTQJNURJ Inc.,987682
OWKXSUZFY Inc.,11279680
FOUDOKM Inc.,123560
PDCGOK Inc.,11226347
CQDQTFWFS Inc.,11270648
TOXYZAM Inc.,11232775
UDUTPTYYH Inc.,11255150
XWITMWZQTM Inc.,11258860
UHBTU Inc.,11259981
JYWXSNDJJ Inc.,11204414
IUHAWNSFDX Inc.,961211
HTZGCBJGQ Inc.,408219
MQQFWIJ Inc.,11222620
EMPSNYFPO Inc.,11206952
AINQFHFH Inc.,11236184
MTRVTCF Inc.,955148
CGBPYLYP Inc.,11281998
JXGAPRBUSF Inc.,11256114
DVTZJ Inc.,11221414
VDPFEQQOGH Inc.,11271429
SLNOYT Inc.,11280434
URCMEP Inc.,11260522
DNFFPDT Inc.,11248222
FAIUOGW Inc.,11204514
NNYTHB Inc.,11245404
XOTZM Inc.,11269545
REZKTGWLL Inc.,11225188
JGMIS Inc.,11225554
MGZARW Inc.,11272089
NRXHOFKU Inc.,11237653
ZLFIL Inc.,11257923
NYVWDP Inc.,11235385
JRVPOUVVVS Inc.,11269971
JQIPBGFEYD Inc.,11235547
JHCMSBA Inc.,11269629
SYQNIBN Inc.,141167
OVPVWFBIMS Inc.,11286375
HULDGWZRR Inc.,337181
LWQOC Inc.,11264385
BTCQSJPHVC Inc.,11215307
GBMOAHVMRW Inc.,11221172
LEDNILHBQ Inc.,11249141
ZUIBUSKERQ Inc.,11266096
HGILJUXPSX Inc.,11233608
JPZJESYNSL Inc.,11280109
AZWRZG Inc.,11246397
PSATAREIU Inc.,11274850
HYQUAXO Inc.,11210433
XTNBHW Inc.,11211949
NWLFTEI Inc.,11261293
TRZYETLVH Inc.,11255898
DDDFNX Inc.,11215137
DJIGV Inc.,11284260
YOHBYE Inc.,11238517
LIOVC Inc.,11214313
ZUPADZB Inc.,11222734
XIFCIKHEYH Inc.,11212398
CSSBXUHZ Inc.,11264106
FXEWSZNOPK Inc.,11266665
PGEPZC Inc.,11281170
FAAYK Inc.,11278946
YQJBOP Inc.,11268109
DSCHXFS Inc.,11261923
NKBGBHPOWF Inc.,11202180
WZSTDZF Inc.,11204574
XQLNROSUX Inc.,11223150
DLIINLO Inc.,11226415
GCUHT Inc.,139861
JNKMZYAU Inc.,11295608
OYUUYEL Inc.,11298099
IVGGO Inc.,11258807
TQPSUQH Inc.,895777
KRAXZJL Inc.,11258980
ZCVDO Inc.,11229109
GAFUNDZ Inc.,11288946
LELVY Inc.,11214225
VVKYQLQC Inc.,11284011
PUQADVFHIW Inc.,11260901
EWXXOKNZME Inc.,11209869
GTQEF Inc.,11289736
SPGVZ Inc.,704701
IMSNIA Inc.,11286306
KYQLL Inc.,11253067
XIOCGT Inc.,11242091
LDFPUAI Inc.,11286847
UNKUYNYUU Inc.,11270006
GDDHGH Inc.,11266198
VLGKEN Inc.,11250695
XUGODMHQK Inc.,488576
WGLWBEZG Inc.,11240278
SGGJGFCEXB Inc.,11244744
FMHFOPBX Inc.,11221413
OTPMC Inc.,11205422
IVTLJDT Inc.,11235564
XKHKPV Inc.,11213581
WBQUWGRK Inc.,11257820
HDLTE Inc.,11298114
SYZWQB Inc.,11227490
PWBXXQDK Inc.,11266752
ONMNNBSBW Inc.,11265624
LAAPJN Inc.,11267655
WOKWNHXGAW Inc.,11244602
NXLGFBEGHJ Inc.,11293535
SSAZQZLAY Inc.,11275139
GRDWEPK Inc.,11272710
ICHSKNQPJ Inc.,219951
QUZYZLMVPN Inc.,11251525
QFESVSZIBY Inc.,11250889
CNVTO Inc.,11224781
XEUYUOT Inc.,11203992
HPASKQV Inc.,11240477
OUIWYFE Inc.,449154
XXEIPAW Inc.,11294028
RIXTYIDCDD Inc.,799435
MIQIRQHIWL Inc.,11287097
THYJQJ Inc.,11279136
LJXMCBHSC Inc.,11204100
HMKJZTTA Inc.,11252473
OXNCV Inc.,11252580
KQIGVBFGJ Inc.,11240123
KSHHL Inc.,11219839
ZVKXXL Inc.,11202154
SVBKDPOAB Inc.,11277395
KMCUCA Inc.,11229368
UKBETQHL Inc.,11202330
WCAXGJMK Inc.,24003
DXUQRTMHA Inc.,11246216
DVJNRT Inc.,727449
CGEXP Inc.,11267564
QNYXJPZ Inc.,11262359
YDZHMVNZOW Inc.,288107
CHNIZMG Inc.,11216114
XEJGFRDAHJ Inc.,11289721
YSYLTSLVY Inc.,11259911
CXQIULEX Inc.,11235323
MQBVAN Inc.,554547
IZYDRADSZ Inc.,11223531
OXTCGSXHU Inc.,11292758
JDMWEO Inc.,11212666
ACZYRALC Inc.,11261421
BOLEY Inc.,11259796
NJFYKLV Inc.,11261056
YPTZGAQYX Inc.,11256801
LILYNOKANY Inc.,11247747
OBULFL Inc.,11240779
EVBRTMRIDL Inc.,341382
BPWHAUW Inc.,11243009
ZROSKQK Inc.,11285426
WRQHDKA Inc.,11244606
JZMHUIV Inc.,11215056
GZIQYK Inc.,11292611
UEGWT Inc.,11289680
JECQSLZK Inc.,994645
CVUOBUZWY Inc.,11295654
ELTISABZNM Inc.,11263678
AWUXBPD Inc.,11285855
AJZYQ Inc.,11286317
AOPMFRLJHN Inc.,11254282
PSGRINP Inc.,689424
KMWSFJ Inc.,11252842
FMPUHPT Inc.,835965
EJCMEPLJKZ Inc.,11251754
QBQRIYN Inc.,11246090
KZULHXWCO Inc.,11261014
GAOAYTW Inc.,11234780
KTFFOSRDTD Inc.,11214049
DTXHIZ Inc.,11291348
RLJTFXDSY Inc.,11202612
VNGMSQTY Inc.,11285132
MMJYQWZMDR Inc.,11274637
NMLWVBT Inc.,11233430
TKJUPQ Inc.,11286010
JGPQPTVHLJ Inc.,71980
VRTJINBFQE Inc.,11218712
LTPCPZM Inc.,11228906
TYQHEB Inc.,11277887
ZSVPNNHP Inc.,11286858
TKWUIQ Inc.,11221320
TPHIJWH Inc.,450903
SNQWPJNYAX Inc.,393150
PCFSJT Inc.,11253884
RYNUP Inc.,11233770
MRYXIWJFJ Inc.,11251764
WUPNYRNJXZ Inc.,11203341
CAVMCD Inc.,11283921
XUXJAWC Inc.,11279585
ASEOLNGPWJ Inc.,11214196
SSUVD Inc.,11226179
KKBLNYMU Inc.,11286539
AJJUPX Inc.,565773
OENFSYJVP Inc.,11209662
IDINUYKZB Inc.,11272354
OOTEXSBN Inc.,11202633
ZDFTZNU Inc.,11275173
VJFDIPYU Inc.,11289728
GFUEV Inc.,11236601
IDJXBF Inc.,11226421
NUMDUK Inc.,11277932
YGHMLPB Inc.,11278558
XQPHR Inc.,11279667
YPCOHOIKB Inc.,11261746
EVRRZJYO Inc.,11232281
KARFJ Inc.,11273884
ITOIEN Inc.,50148
WECSOYRL Inc.,271075
KKTWE Inc.,11215130
JHDEJYO Inc.,11202199
PVQIS Inc.,11242014
JURPWANN Inc.,11263481
KHKZIVGL Inc.,11246612
XKMKVEI Inc.,11273138
KWOEYEI Inc.,11255788
YIMYIT Inc.,11245038
UBOOUC Inc.,11278423
TLEPGBPC Inc.,11209424
UIRXXUU Inc.,11221754
HDTJD Inc.,11228376
OXSUR Inc.,11212012
XOBAGIKU Inc.,751500
RLBRDUA Inc.,641943
DABPHB Inc.,11266561
ISJCNG Inc.,11265393
LRZAGMEHSV Inc.,11229796
FKAQSNGQ Inc.,11215819
IQULNOVOI Inc.,11274820
GTKIRO Inc.,14617
VYAWUAJKQ Inc.,11243069
BUVKDOQSV Inc.,11217668
VRDKVGKN Inc.,11245256
CNKZLGJQOM Inc.,11244696
WUMUR Inc.,786201
EHLSWZKU Inc.,11247912
AQYYUWT Inc.,11293451
MLGAS Inc.,11231048
OBNILFAW Inc.,11247756
FAKXCLRZX Inc.,11277864
BWOQNVO Inc.,11255669
LXFLSQZKW Inc.,11287964
TZYGOGWOSD Inc.,11241439
YMGSIE Inc.,398466
LTTYM Inc.,11251198
HIOCUYG Inc.,88112
CTBIV Inc.,11260022
MQENTCPZUB Inc.,571940
TTFTTVVKD Inc.,23714
HMHOFRMPYQ Inc.,11243199
FSAXKIJCJ Inc.,11232035
IYZZMQHYCC Inc.,11249975
KMZYNO Inc.,976823
MMXMOJQH Inc.,11214645
OUZFRPY Inc.,11261220
PPTFHXM Inc.,11250570
EDIZM Inc.,11282036
DOHQJTH Inc.,11297367
DDKOST Inc.,846838
OLWZOUGX Inc.,11238538
KWMEIQ Inc.,11211367
MEZVOQB Inc.,11276411
ICUAR Inc.,11222786
NXBDKIBR Inc.,507310
WCRWYGLDR Inc.,11216498
GKUBJ Inc.,11248206
AQNDTH Inc.,11247820
IAEPCO Inc.,11202859
NMRECUB Inc.,11200307
YJIVLV Inc.,11217487
BODXY Inc.,11217625
NRGCOVIXE Inc.,11237126
WKAMZSI Inc.,11254182
TMHEGMEEXA Inc.,11214114
YZYMPPSLX Inc.,590250
FLAYJ Inc.,878937
LYGVQIXLBT Inc.,959671
XMKGW Inc.,651639
ZFZMJDEKX Inc.,11295324
LDNZH Inc.,11295329
JCJSSJSD Inc.,11228285
KWQZOSQQ Inc.,11236277
GEUHK Inc.,11208998
JITOVXP Inc.,400143
DYHMPOXPCR Inc.,187935
ZUENPFZEJ Inc.,11209666
BDGIUDB Inc.,11232685
OCLQBNVPIW Inc.,11210510
BJAARWF Inc.,11210004
LYTNKUU Inc.,11245421
TPBJCVA Inc.,372109
PTWAXWX Inc.,11267491
WGEZMGNWZ Inc.,11276958
FXSCJZR Inc.,48931
WITWRMBB Inc.,11237920
UVFUJAHCH Inc.,11297781
BFQQBTMZJW Inc.,11232925
EROAEYHFNY Inc.,11280213
PEKFPRCFKX Inc.,11273681
KOSOD Inc.,11258312
HQEQAHRFF Inc.,11205663
LCBNJZWA Inc.,11295492
WDXWJY Inc.,11286504
CSZWKIVKN Inc.,11224158
RFGVWNEX Inc.,11227336
OXDAPOQOU Inc.,11228787
RLBRH Inc.,11259760
CBLPHGVM Inc.,11264060
KZMFQZMM Inc.,11279882
SYNAJ Inc.,929334
FWSOIZAQ Inc.,11217584
VXEPIPXJY Inc.,11241363
CQSXWAB Inc.,11224617
WCPRNLN Inc.,11251055
AIBDSYKUQ Inc.,200545
NSSMUJ Inc.,11216554
JZUBGUYTX Inc.,11249564
RAUHIN Inc.,11264875
WVMSLMTDG Inc.,11236553
ZFCMYSZQM Inc.,11225376
VWSFM Inc.,11284614
LQMZJFXMGA Inc.,11208648
TBVSEG Inc.,11285961
NJTMKEXUV Inc.,519249
UZSZSV Inc.,11250621
HFWNNG Inc.,818784
YMPVVFRU Inc.,11256540
IHATK Inc.,11239424
WRWRJ Inc.,11268913
LJWUFS Inc.,11251000
RQDVWI Inc.,11202264
NIYAGMK Inc.,11239070
IFPJEZWH Inc.,11269310
RWLJNOYAI Inc.,11248532
OTTMURZAJ Inc.,111263
HUQUS Inc.,231297
FNEAEH Inc.,455571
ZGRXLEOG Inc.,11245985
KVXRC Inc.,734877
HHBROORGBI Inc.,11213401
GGGMX Inc.,11239140
UVTXCAE Inc.,721029
RYDCS Inc.,11290811
MMVFAQ Inc.,11204803
KBQWAYVV Inc.,11240362
YGYRJXAMDF Inc.,11272002
ATRDMBOMTU Inc.,11229826
KVFXE Inc.,11243698
NKUXONPPWI Inc.,626869
UUALIRYU Inc.,11253557
HONLJY Inc.,11298614
PKJKWPZVE Inc.,11260997
JHILWJ Inc.,704412
PWUYGSHI Inc.,114317
GCBMAM Inc.,959726
WIIKI Inc.,11253456
QHSVER Inc.,11290338
JVTUVOU Inc.,11276900
UDMKTIC Inc.,11281801
NCSLFDDMOF Inc.,48836
OWYXC Inc.,11228737
AREBVQVQN Inc.,11230392
TQGVPBS Inc.,459795
KTGWKAXY Inc.,11277189
NITJPVZIXV Inc.,333611
RVSUAIQXW Inc.,11203572
UUTPNSJK Inc.,11202627
JXMESUNUL Inc.,11259581
GDLXIXBM Inc.,11228571
HUHENVASVC Inc.,11226864
ZDBGVRQBJ Inc.,11292709
PXLYMYNBTZ Inc.,11240130
UYCVNZYR Inc.,911038
OOOOBYDR Inc.,11268950
SITQQCAU Inc.,11212944
ZNUCEHVD Inc.,11228983
CZKEASFFK Inc.,11213047
GQYOXCQ Inc.,11293478
JUWFSKQEI Inc.,11287612
MONTW Inc.,21629
ALLMYVL Inc.,11261173
SRZCBF Inc.,11215263
EXNWLQXU Inc.,11244315
YAHMXG Inc.,11218339
XYIHIPYROV Inc.,11200368
ITKKFKDX Inc.,910852
TJBVO Inc.,11288205
HYTMC Inc.,11277027
AJCREJYK Inc.,11269127
CEIYQE Inc.,11262738
PWMMYF Inc.,11264339
BFSNPHMKX Inc.,11208122
OJGHHP Inc.,11203418
CMHML Inc.,274463
WSKSUJXQ Inc.,11229635
UABHIC Inc.,11251258
LIWYK Inc.,11213834
SCOTQFA Inc.,11254506
TCAEHE Inc.,11266615
EJATLOG Inc.,11205106
TVIFJQYGHC Inc.,886742
DSOXWBRIMW Inc.,387151
LUOVDY Inc.,11205124
OOVFX Inc.,11231931
MUXFFGKR Inc.,11200939
LGTBDV Inc.,11258249
HXZTMSMD Inc.,11231385
AASXCHBNAC Inc.,11296164
AOVOG Inc.,11252081
MGFEIMDLY Inc.,11209515
YEXYHS Inc.,11223898
BPNGNCVGV Inc.,11218143
GPUNCUGL Inc.,11275368
VXTZTJD Inc.,11261306
QNVPD Inc.,11219787
LIOABNPH Inc.,11276873
JZXGCCOC Inc.,11247335
QEBTVF Inc.,11206199
HYYCG Inc.,11249986
XEMJWJE Inc.,11200723
KEUBQB Inc.,11273176
XNOHJAROBK Inc.,11233935
KXUVOFB Inc.,11224736
INYZTA Inc.,11254025
IAPUBTXVXK Inc.,11295570
KOWKMIBBQA Inc.,11204879
LZOAKHLWSL Inc.,11264716
EKCOW Inc.,13430
BDMLTLBY Inc.,11275318
QDFRFZVPC Inc.,11260023
JYNHHVZY Inc.,513157
XYNAU Inc.,11243168
XWZVU Inc.,205594
MKLHRSQACX Inc.,11254900
FNEMVPMHLU Inc.,11201595
UZVNH Inc.,11297205
RPJQTKS Inc.,873410
AKFJJBNHZI Inc.,11211464
CGLCXY Inc.,11265992
UNQWBIG Inc.,11220034
MOZTPMFJ Inc.,11287932
BHRRQG Inc.,11229382
JWDPJLFM Inc.,11226064
CGAULZ Inc.,11258945
JEXQMIWM Inc.,11266130
CYTZR Inc.,11251524
GKSZO Inc.,11233097
DUFWQQ Inc.,11283985
YVSNSXAJI Inc.,11237218
UREXDFGGRG Inc.,11239705
FLPJRAVV Inc.,11238416
RXSVFQUSB Inc.,11201766
PGOKCQSWJR Inc.,11263348
MQWDTR Inc.,11210353
TXFHAYUQ Inc.,11246829
HAMGZ Inc.,11225047
YTCDWIQ Inc.,11229928
TDYKSBQ Inc.,11289696
CQYBV Inc.,11207561
NIFGM Inc.,11277052
NYRWFMT Inc.,11242608
KSZLZSB Inc.,11294445
YFFELE Inc.,11257060
FJYRJDFTDZ Inc.,11255247
XLRVFOFZUF Inc.,11204992
SRHXOQLJE Inc.,11223237
CYLRYTHTGB Inc.,11227334
XQZEKXWF Inc.,11205730
HOEMUMIO Inc.,11201888
JBXYO Inc.,11216895
SHMGARSG Inc.,11238943
DCUJXCYQJX Inc.,11283316
GDUPMU Inc.,11295559
BFKZQJAH Inc.,11214756
NQDPG Inc.,11263491
JZHRTCY Inc.,11284570
PMOEZQYY Inc.,11267508
FEGHM Inc.,11243466
EYVLZ Inc.,11251560
ZFOBHYG Inc.,11253064
ESQVRTIYVV Inc.,11201238
VFPUGTWMT Inc.,441489
BRJASSDFR Inc.,11274497
GEYGTAXEIF Inc.,11261670
OKUZR Inc.,11281941
WQKLJ Inc.,770403
RHNVAP Inc.,11205685
SZTEYRCT Inc.,11272572
IGMXXFQH Inc.,11249729
RPAUBZ Inc.,11289026
QFADK Inc.,11280048
ONEDVL Inc.,11299505
FTWVDQ Inc.,11218930
ANWBSCO Inc.,11238694
WGULFTR Inc.,11211155
KVPXB Inc.,605310
ZLYVSF Inc.,11238939
ZXCEQGYEH Inc.,11222078
IZDQOJZMVS Inc.,11276101
SGNRB Inc.,11208001
LJBJSNWA Inc.,11247301
HGTQVY Inc.,11275498
BHEGVQ Inc.,263987
NSVNHQGMNB Inc.,11242280
CABUZV Inc.,608123
DWAYD Inc.,11200837
ICNLTWZNV Inc.,11290140
MEXIG Inc.,11268502
VCOCGUGXUS Inc.,963046
BRDXFHNRI Inc.,11207270
WLTWZ Inc.,11256189
GGJOVSJK Inc.,11257161
LSLQFAT Inc.,11241536
INANW Inc.,11229963
IWEDZP Inc.,11256258
MYGUYVQZ Inc.,11229806
NPYXOSTRN Inc.,286402
IWVLVQC Inc.,11231210
PQBSQBS Inc.,11238587
OLTUKJ Inc.,105337
YYAEODIO Inc.,11254637
IJUGDNEHP Inc.,11275193
TBCZCUU Inc.,11249910
VLQUG Inc.,11299804
HMUXV Inc.,699812
ESDRUSX Inc.,11293970
GFCXADUCO Inc.,11226425
DRQWRE Inc.,11275778
BBEBJO Inc.,11243701
VEMDQNJW Inc.,11259933
FDMHDKPDU Inc.,607343
VHRJBNC Inc.,11284075
THXNHJXF Inc.,901002
DAUKJPACSX Inc.,11268252
BEAZNLBTW Inc.,11240191
JEDWKRXC Inc.,11228610
FKXEVBSYPF Inc.,11214616
OROFJEJURG Inc.,994438
AYVCGORL Inc.,11254994
VEPLWNPJ Inc.,11280208
MCLQBJZLA Inc.,11203444
RPKKIWRC Inc.,11237001
SBIAJ Inc.,11244019
XJXPBVW Inc.,11224052
WHTGTUTETF Inc.,174284
KRFPXCKPBV Inc.,11289269
CLBZVEJK Inc.,11234657
ZNZTNNUZ Inc.,11221873
MMEKCLOOUX Inc.,11290419
MRZEISSYL Inc.,11204831
DCTNE Inc.,11259994
DPKRTPQ Inc.,11260427
YQPFTHO Inc.,11224974
SBTPKWNL Inc.,11291718
AZKRV Inc.,11250828
DKUPMARTL Inc.,224693
YUGDOU Inc.,11225287
SBVSQO Inc.,11267907
TDENKYYSG Inc.,11217886
CXBDPZSWIA Inc.,11268034
CRLRQFAZG Inc.,11249462
TSEFBGKQKP Inc.,11224621
JULFQ Inc.,11217491
SPTCEWQLR Inc.,11241333
AYXTOUXU Inc.,538725
FZLPKRV Inc.,78298
DISJVZIF Inc.,11282827
YUDEXJ Inc.,11253620
QVTYC Inc.,11295739
YOKUBL Inc.,11204133
XMFUVA Inc.,11292837
SHLCX Inc.,708803
MUHFMEBPE Inc.,11267924
XEBPNFEM Inc.,11260942
BAZOSB Inc.,11224792
LDRGBNPUIT Inc.,11209350
CYNANQNU Inc.,7059
TTRYO Inc.,11201193
SMUUSGHRFN Inc.,11294152
SBKMEDGY Inc.,222007
SMJPBXX Inc.,11218905
TUCXHEXWTQ Inc.,11289487
FNOHZIBF Inc.,11290387
EKYONUXULG Inc.,11220555
NRAYWSJKMW Inc.,11261047
YRDONAVGV Inc.,11243752
EWSBLH Inc.,11295567
RMDQUG Inc.,11244785
KOEOODXZW Inc.,11274664
KMVODPCUE Inc.,454381
GIVWAWL Inc.,11204843
QASEBBWNJX Inc.,11294479
AWWOUVOGKY Inc.,11228756
WOHXW Inc.,11228516
AYJRQXECBT Inc.,11285100
JFUUZTHNEN Inc.,11207149
LICPDPOGL Inc.,11289891
LHDTBXBTPC Inc.,11279073
ADVWZ Inc.,11215485
EGKCVPOELP Inc.,538887
BWNUF Inc.,11226079
LOZYT Inc.,11260051
KFXKMLD Inc.,11278222
GQKJTBRWBY Inc.,11218101
FYOWFHKT Inc.,11293633
JRBOVNH Inc.,11227690
SFXSAECE Inc.,806602
MFZRHOHEI Inc.,11299677
CURFGBVZJ Inc.,11255556
KBHKVIYIRV Inc.,11257912
YZMFFKQ Inc.,827204
STMDPPCC Inc.,11226086
UHQVHDDM Inc.,11288792
JUMVQ Inc.,11200260
TSXCRPTJX Inc.,193680
GMQQR Inc.,12025
ZEQRXF Inc.,11296893
CGIIHBV Inc.,76629
NXIAH Inc.,11285547
DRHPHFZCY Inc.,11284157
DZPIQR Inc.,11228670
LRSURHHQAS Inc.,326023
EDEWA Inc.,11234771
WUTFAOY Inc.,11293044
AZAVZG Inc.,11276240
XSFCJHFRG Inc.,11212265
RRMHDWLQ Inc.,11265324
HNEOM Inc.,11210834
HNOUACOLDG Inc.,11246174
WCMUSHLTRO Inc.,11227393
HKJLIK Inc.,11267457
FMFRGV Inc.,11237278
OJHVQJUOT Inc.,11215712
GSVRFOK Inc.,11287359
AKZDLZFC Inc.,11215082
EVQFQPLX Inc.,728419
YGLQLCAH Inc.,11260773
KUUHBER Inc.,11294529
SJSMKUT Inc.,11299217
HZOWG Inc.,11285382
YPRVFG Inc.,11238910
XTKPHN Inc.,11202590
JHDYZ Inc.,11277420
GOQQMSDM Inc.,11277791
KMHVUTXYC Inc.,11252006
IFJNX Inc.,11272116
XQDERORJM Inc.,11269201
QNCPZX Inc.,11222831
FLOKRLL Inc.,11244275
ORSNDAQZ Inc.,730599
FDDBEY Inc.,11220138
KMGAGRXMCR Inc.,11247643
KFBFBBUZ Inc.,11240662
TOBAAK Inc.,11242976
WOQAQNUZZX Inc.,11266384
YLABHKLNUD Inc.,11260747
GQHCKFF Inc.,11283318
ATJBNEX Inc.,265667
UQCAQEBQZ Inc.,11251712
MXJBVRMTME Inc.,11249145
IFYLJXE Inc.,11262170
NJYQF Inc.,11267019
BUVNVQ Inc.,11284938
ATWEHSSTFH Inc.,11263327
ZQFZAFZ Inc.,11244799
RDQEHPNS Inc.,11214865
HLPSIHXJ Inc.,11267958
RWUAGEVRO Inc.,512040
ODLRLT Inc.,11205409
AWZHKPRD Inc.,11244429
ONNSJBUJK Inc.,11258691
TFDCQ Inc.,11221882
PPJYVHIDF Inc.,11211981
NPPOQMTKYH Inc.,11215974
APXWA Inc.,11255154
KVMGUYW Inc.,11216256
CVULYFSM Inc.,11289931
VDLXTVVP Inc.,11248067
YRPULKHEA Inc.,11299098
RUCPNGFZ Inc.,956420
UHMWN Inc.,11279898
QEEUBUOYO Inc.,11286160
XWSOFT Inc.,11245066
NHAQWOCZ Inc.,11291954
VXZFAALW Inc.,11284801
IOGVAZSLJU Inc.,11240019
GLEBVEYWLU Inc.,11241957
QOSAINF Inc.,11209375
KQHKEIPI Inc.,11250800
RUQIGXCHQF Inc.,11250206
EOBMY Inc.,923703
SKJFIN Inc.,11290837
AAVIMLTP Inc.,955454
ALEHSFUZ Inc.,11278943
CKUBHZFNS Inc.,11270740
OCRNLRIFCT Inc.,899511
WYMCEPZ Inc.,11204453
MWKXET Inc.,11271141
EPZLAOK Inc.,174227
BWXYXH Inc.,11256935
QPUWBNNOVH Inc.,11253710
GVNJWA Inc.,11216577
EMFCSQ Inc.,11203668
LTJKCVTR Inc.,11270226
BDDTTIELMR Inc.,11272109
RTXLB Inc.,624505
TSMBT Inc.,11234020
ZWVMFI Inc.,968055
ZCFMSUGTS Inc.,944084
ZJNJODHRNO Inc.,61919
ZKRRBO Inc.,11241866
TEYEVD Inc.,11252159
GWVXEHD Inc.,11216268
YPRDU Inc.,11298942
BSDRWJ Inc.,11249669
YVRMSRUYG Inc.,11238732
QFJDXNFWTD Inc.,11239409
QXIDX Inc.,509046
JAOXYQRIJ Inc.,11246071
EOFLX Inc.,11217689
ZHHDFGTYEH Inc.,11219290
VXQMFOJ Inc.,11269513
IGJWKF Inc.,11273853
SPNPKDR Inc.,11299552
XWWGUXRIH Inc.,11280155
PQLUUZEEU Inc.,11273186
HENJWSTMUP Inc.,215992
MWTFQD Inc.,11261589
KFRTZKCZEZ Inc.,11258105
WNBAPC Inc.,11253637
HSKNUJLGS Inc.,11202056
JCIFZ Inc.,11276912
OZGNDJIVG Inc.,11289945
PCKQBWZ Inc.,11227326
QJSFRRBXU Inc.,11249585
JOIBB Inc.,11218633
UQECLAFG Inc.,11277602
WKKBC Inc.,11240948
ROUFZUNSK Inc.,11237398
NEFMPTUGA Inc.,11293666
LGLTXKRFDU Inc.,11202823
ILWLBAS Inc.,11273081
RUWUKXODAW Inc.,11216763
BFMZPJSC Inc.,11233772
OMHVMV Inc.,11246093
FQRWCQUQME Inc.,11247775
IBKLW Inc.,98028
MCCVO Inc.,11262387
CIXZH Inc.,38637
ODUMFNJKW Inc.,814257
RYRQRF Inc.,11279965
MECIP Inc.,11282712
HUOZNNIR Inc.,11257907
GWAVYMJHPG Inc.,249774
RPMTWADP Inc.,11275940
WJTODEW Inc.,11211552
QVZKOGY Inc.,11270874
RDNJSMEMK Inc.,691891
LVFTGYPALB Inc.,11232093
UGBRDW Inc.,11264368
VXNNIFGB Inc.,11266919
NKPZVNIRZZ Inc.,11259286
KTIBHD Inc.,11279467
JTAAVYRYK Inc.,548127
EPYHDO Inc.,11215593
PKZMEGP Inc.,11258908
OVFVLT Inc.,11219159
PLUWKDZGZ Inc.,246678
IATHENAIFO Inc.,11293675
OMNVNZ Inc.,769137
UTROHAPGO Inc.,11269536
RTOME Inc.,11291656
PLRAGUJALB Inc.,11208737
XUYCJA Inc.,11219272
NEJKB Inc.,11261372
QBJSXRY Inc.,11212317
PGBFTNSRZK Inc.,11214008
MVBXBCXIV Inc.,11240170
CHMENNDNF Inc.,11245726
YQFEZC Inc.,11280137
CBLOTDIZZ Inc.,11245441
PZVFWNGX Inc.,11205455
UOOZU Inc.,11218900
QHDOHUF Inc.,11265082
IFENYZCMES Inc.,11253674
DVOYLKR Inc.,11262671
LLFLUOW Inc.,11227579
BTMAGGX Inc.,11245059
NRQLDI Inc.,689588
EEZGLP Inc.,11284383
FPXXR Inc.,11233382
YUMIOCYAR Inc.,307297
XZNPXEBMPN Inc.,11221613
QBUXC Inc.,11235627
XSLCJW Inc.,11280165
WWHOE Inc.,11240846
BBSNUMEJYW Inc.,11295014
KVJILGUCKA Inc.,11202776
RGJMMXRGZ Inc.,11205658
HPZNONBL Inc.,257138
NKXWTE Inc.,11251851
YPZOKF Inc.,11261079
BVDKG Inc.,11265655
GZBKMHPEU Inc.,11242789
NRPLA Inc.,11235078
IQPFQXFQVH Inc.,11253230
CHHGT Inc.,11217390
ITQOJNCRX Inc.,11228595
ZDHZJXNC Inc.,11233275
ZHWZNSJ Inc.,11206943
RWZIUIV Inc.,11277896
YKZOGFKIXI Inc.,11276669
GVQGRPE Inc.,11208603
BJOGSGKA Inc.,11265817
KNTUYJIJBO Inc.,11226332
ZBXYK Inc.,11236278
PPBODNE Inc.,11291250
TAGOTAI Inc.,11228315
SRVPDY Inc.,11289682
TCLJW Inc.,11226765
IOZHROVPW Inc.,11231458
FPLKMKSLD Inc.,11281824
JIKTFBGT Inc.,11269631
IRSIVCGM Inc.,11258407
HEKJPKDUK Inc.,744264
UAUVJQDAIO Inc.,11299410
ASSQV Inc.,11232668
YSYTNOAU Inc.,11240946
MJUENR Inc.,11236982
NUDNWEQ Inc.,11282698
NPHELK Inc.,11235821
ZGTHWD Inc.,11294297
JGQWZMABX Inc.,11232349
XNJQEOPU Inc.,11247067
LJMGJGET Inc.,11283332
UVVSOFAER Inc.,11225994
GRDEMSLL Inc.,11235230
FWIMULI Inc.,11224353
VXBXBLIACU Inc.,11217033
PLKAVQAMFD Inc.,11271677
RXNUTMH Inc.,633171
TWWQZVR Inc.,11268434
DOJQMD Inc.,11296068
ZFXJT Inc.,11249265
PMSPQ Inc.,11242338
PATAAGYWN Inc.,984831
PMDEUTSX Inc.,11217867
QGTJEW Inc.,11236680
VIDWRDIYZB Inc.,479843
WIEFAKVJQY Inc.,11207676
FCYFW Inc.,702635
PFBLR Inc.,11227971
BVUICOLR Inc.,11229412
FYSAGC Inc.,11239339
TOKTJNS Inc.,11217359
MMTZZA Inc.,11207779
MMSIKLR Inc.,11248378
YVQSLUUZOR Inc.,11295756
EVMICXRUM Inc.,11290029
MSPHYC Inc.,11283051
EXAWN Inc.,11276734
JPSTXJEGJ Inc.,11210704
DNJWUG Inc.,11299265
UDHEJLQLNM Inc.,11273759
TUINOIU Inc.,11277475
DPNEYQ Inc.,116018
DQYSSX Inc.,11286483
DGAKHE Inc.,11238935
HKVXGHQXDC Inc.,11210431
QCNZYZNC Inc.,11281252
GLHMLA Inc.,11270925
PMMRB Inc.,11276363
YYEOAPZI Inc.,627206
REKCOXE Inc.,11297091
RWNYRZXVKL Inc.,11207037
UJWWCOYM Inc.,11213409
CTGYXUCZC Inc.,11270025
GNICOFVHEC Inc.,11205631
KWKYH Inc.,11282299
IEZGYR Inc.,11209381
YNCQIWZE Inc.,11220604
HAASR Inc.,11266428
QXJIRMJ Inc.,11235975
LBHSXXAFO Inc.,11288911
YPDUREKVQD Inc.,11298766
XVNUCMUN Inc.,11291703
ZBHIGHNJS Inc.,11290331
RDLYFMSFP Inc.,11259928
QCGHQ Inc.,11286825
ZWIATU Inc.,11290370
GJXCS Inc.,11284689
DZDSS Inc.,11210756
BTSXRHDRG Inc.,11260348
VMHQCOMFC Inc.,11219745
